Nmin analysed with method XXX at Wiesengut, ? AOL, unit: kg/ha;;;;;;;;;
;;;;;;;;;
;;;;;;;;;
Trial;sampling date;treatment ;plot ID;Formelcheck treatment;main crop;soil depth;Nmin kg/ha;data source;comment
trial C;2013-02-20;3;14;3;;0-30cm;25,02996499;Nmin 2013 last MA 45 korr, Tabellenblatt Trial C sortiert;
trial C;2013-02-20;3;14;3;;30-45cm;1,787640714;;treatment 2/3: is the same treatment (represents all plots of 1 year-precrops)
trial C;2013-02-20;3;14;3;;45-75cm;3,805574764;;
trial C;2013-02-20;3;14;3;;75-105cm;4,038554231;;
trial C;2013-02-20;6;16;6;;0-30cm;15,37192328;;
trial C;2013-02-20;6;16;6;;30-45cm;3,91731849;;
trial C;2013-02-20;6;16;6;;45-75cm;2,457353564;;
trial C;2013-02-20;6;16;6;;75-105cm;6,726880435;;
trial C;2013-02-20;5;17;5;;0-30cm;20,60780498;;
trial C;2013-02-20;5;17;5;;30-45cm;3,375979508;;
trial C;2013-02-20;5;17;5;;45-75cm;3,920304722;;
trial C;2013-02-20;5;17;5;;75-105cm;2,930674177;;
trial C;2013-02-20;4;18;4;;0-30cm;20,5027966;;
trial C;2013-02-20;4;18;4;;30-45cm;8,330499534;;
trial C;2013-02-20;4;18;4;;45-75cm;11,59013332;;
trial C;2013-02-20;4;18;4;;75-105cm;17,26020203;;
trial C;2013-02-20;5;19;5;;0-30cm;55,31294557;;
trial C;2013-02-20;5;19;5;;30-45cm;23,32085479;;
trial C;2013-02-20;5;19;5;;45-75cm;39,09561226;;
trial C;2013-02-20;5;19;5;;75-105cm;31,26982623;;
trial C;2013-02-20;4;20;4;;0-30cm;16,19113176;;
trial C;2013-02-20;4;20;4;;30-45cm;9,954745113;;
trial C;2013-02-20;4;20;4;;45-75cm;15,64898814;;
trial C;2013-02-20;4;20;4;;75-105cm;13,98185224;;
trial C;2013-02-20;6;21;6;;0-30cm;22,98394182;;
trial C;2013-02-20;6;21;6;;30-45cm;2,272723257;;
trial C;2013-02-20;6;21;6;;45-75cm;10,77584585;;
trial C;2013-02-20;6;21;6;;75-105cm;2,140002667;;
trial C;2013-02-20;2;23;2;;0-30cm;35,94469605;;
trial C;2013-02-20;2;23;2;;30-45cm;3,743378361;;
trial C;2013-02-20;2;23;2;;45-75cm;2,524842201;;
trial C;2013-02-20;2;23;2;;75-105cm;2,18562117;;
;;;;;;;;;
trial C;2013-04-05;6;16;6;;0-30cm;17,07135836;Nmin 2013 last MA 45 korr, Tabellenblatt Trial C sortiert;
trial C;2013-04-05;6;16;6;;30-45cm;4,447606633;;
trial C;2013-04-05;6;16;6;;45-75cm;3,598608333;;
trial C;2013-04-05;6;16;6;;75-105cm;2,695417562;;
trial C;2013-04-05;5;17;5;;0-30cm;40,24237738;;
trial C;2013-04-05;5;17;5;;30-45cm;7,493053378;;
trial C;2013-04-05;5;17;5;;45-75cm;2,656087044;;
trial C;2013-04-05;5;17;5;;75-105cm;2,431260949;;
trial C;2013-04-05;4;18;4;;0-30cm;27,21931932;;
trial C;2013-04-05;4;18;4;;30-45cm;10,07375187;;
trial C;2013-04-05;4;18;4;;45-75cm;16,08527201;;
trial C;2013-04-05;4;18;4;;75-105cm;10,75635933;;
trial C;2013-04-05;5;19;5;;0-30cm;50,06281158;;
trial C;2013-04-05;5;19;5;;30-45cm;15,26159757;;
trial C;2013-04-05;5;19;5;;45-75cm;29,33756564;;
trial C;2013-04-05;5;19;5;;75-105cm;27,94898788;;
trial C;2013-04-05;4;20;4;;0-30cm;26,96468443;;
trial C;2013-04-05;4;20;4;;30-45cm;10,10429508;;
trial C;2013-04-05;4;20;4;;45-75cm;19,03577082;;
trial C;2013-04-05;4;20;4;;75-105cm;18,82528585;;
trial C;2013-04-05;6;21;6;;0-30cm;18,8504139;;
trial C;2013-04-05;6;21;6;;30-45cm;3,615870479;;
trial C;2013-04-05;6;21;6;;45-75cm;5,090035047;;
trial C;2013-04-05;6;21;6;;75-105cm;3,353669153;;
;;;;;;;;;
trial C;2013-05-21;2;13;2;;0-30cm;53,97319678;Nmin 2013 last MA 45 korr, Tabellenblatt Trial C sortiert;
trial C;2013-05-21;2;13;2;;30-45cm;26,43910344;;
trial C;2013-05-21;2;13;2;;45-75cm;0,723704922;;
trial C;2013-05-21;2;13;2;;75-105cm;1,105620385;;
trial C;2013-05-21;3;14;3;;0-30cm;46,08702189;;
trial C;2013-05-21;3;14;3;;30-45cm;15,56967922;;
trial C;2013-05-21;3;14;3;;45-75cm;9,53577972;;
trial C;2013-05-21;3;14;3;;75-105cm;9,093158538;;
trial C;2013-05-21;1;15;1;;0-30cm;97,64762301;;
trial C;2013-05-21;1;15;1;;30-45cm;24,85521771;;
trial C;2013-05-21;1;15;1;;45-75cm;9,903531967;;
trial C;2013-05-21;1;15;1;;75-105cm;0,947806982;;
trial C;2013-05-21;6;16;6;;0-30cm;9,824864836;;
trial C;2013-05-21;6;16;6;;30-45cm;1,782184417;;
trial C;2013-05-21;6;16;6;;45-75cm;2,785165844;;
trial C;2013-05-21;6;16;6;;75-105cm;1,665288668;;
trial C;2013-05-21;5;17;5;;0-30cm;14,12894418;;
trial C;2013-05-21;5;17;5;;30-45cm;2,727122904;;
trial C;2013-05-21;5;17;5;;45-75cm;2,693630087;;
trial C;2013-05-21;5;17;5;;75-105cm;1,684924496;;
trial C;2013-05-21;4;18;4;;0-30cm;28,72858176;;
trial C;2013-05-21;4;18;4;;30-45cm;5,0614147;;
trial C;2013-05-21;4;18;4;;45-75cm;5,69327525;;
trial C;2013-05-21;4;18;4;;75-105cm;5,504160131;;
trial C;2013-05-21;5;19;5;;0-30cm;18,47527394;;
trial C;2013-05-21;5;19;5;;30-45cm;6,815792673;;
trial C;2013-05-21;5;19;5;;45-75cm;18,95384846;;
trial C;2013-05-21;5;19;5;;75-105cm;10,74589964;;
trial C;2013-05-21;4;20;4;;0-30cm;35,40093497;;
trial C;2013-05-21;4;20;4;;30-45cm;4,827123688;;
trial C;2013-05-21;4;20;4;;45-75cm;3,448096108;;
trial C;2013-05-21;4;20;4;;75-105cm;4,783225697;;
trial C;2013-05-21;6;21;6;;0-30cm;9,949262322;;
trial C;2013-05-21;6;21;6;;30-45cm;1,388099058;;
trial C;2013-05-21;6;21;6;;45-75cm;5,732885165;;
trial C;2013-05-21;6;21;6;;75-105cm;1,556159783;;
trial C;2013-05-21;3;22;3;;0-30cm;97,72481572;;
trial C;2013-05-21;3;22;3;;30-45cm;13,09390236;;
trial C;2013-05-21;3;22;3;;45-75cm;9,538289159;;
trial C;2013-05-21;3;22;3;;75-105cm;1,125602909;;
trial C;2013-05-21;2;23;2;;0-30cm;109,7527203;;
trial C;2013-05-21;2;23;2;;30-45cm;22,4089107;;
trial C;2013-05-21;2;23;2;;45-75cm;4,972225225;;
trial C;2013-05-21;2;23;2;;75-105cm;9,209214314;;
trial C;2013-05-21;1;24;1;;0-30cm;55,31996183;;
trial C;2013-05-21;1;24;1;;30-45cm;21,2590457;;
trial C;2013-05-21;1;24;1;;45-75cm;10,83573009;;
trial C;2013-05-21;1;24;1;;75-105cm;16,24981188;;
;;;;;;;;;
trial C;2013-06-26;2;13;2;;0-30cm;7,052996291;Nmin 2013 last MA 45 korr, Tabellenblatt Trial C sortiert;
trial C;2013-06-26;2;13;2;;30-45cm;4,693912754;;
trial C;2013-06-26;2;13;2;;45-75cm;2,707216868;;
trial C;2013-06-26;2;13;2;;75-105cm;1,059872642;;
trial C;2013-06-26;3;14;3;;0-30cm;5,18028624;;
trial C;2013-06-26;3;14;3;;30-45cm;3,698308477;;
trial C;2013-06-26;3;14;3;;45-75cm;5,452191647;;
trial C;2013-06-26;3;14;3;;75-105cm;1,001547466;;
trial C;2013-06-26;1;15;1;;0-30cm;9,253919862;;
trial C;2013-06-26;1;15;1;;30-45cm;4,292026624;;
trial C;2013-06-26;1;15;1;;45-75cm;6,144925532;;
trial C;2013-06-26;1;15;1;;75-105cm;1,331230312;;
trial C;2013-06-26;6;16;6;;0-30cm;7,690391242;;
trial C;2013-06-26;6;16;6;;30-45cm;1,560604822;;
trial C;2013-06-26;6;16;6;;45-75cm;1,096765349;;
trial C;2013-06-26;6;16;6;;75-105cm;2,724161312;;
trial C;2013-06-26;5;17;5;;0-30cm;15,01639272;;
trial C;2013-06-26;5;17;5;;30-45cm;1,214900494;;
trial C;2013-06-26;5;17;5;;45-75cm;1,115872529;;
trial C;2013-06-26;5;17;5;;75-105cm;1,079252382;;
trial C;2013-06-26;4;18;4;;0-30cm;44,83213943;;
trial C;2013-06-26;4;18;4;;30-45cm;7,178683428;;
trial C;2013-06-26;4;18;4;;45-75cm;1,570239256;;
trial C;2013-06-26;4;18;4;;75-105cm;1,315786206;;
trial C;2013-06-26;5;19;5;;0-30cm;16,01929985;;
trial C;2013-06-26;5;19;5;;30-45cm;3,443479894;;
trial C;2013-06-26;5;19;5;;45-75cm;2,281994277;;
trial C;2013-06-26;5;19;5;;75-105cm;0,701988161;;
trial C;2013-06-26;4;20;4;;0-30cm;33,8187503;;
trial C;2013-06-26;4;20;4;;30-45cm;4,918063117;;
trial C;2013-06-26;4;20;4;;45-75cm;3,985861942;;
trial C;2013-06-26;4;20;4;;75-105cm;2,22448026;;
trial C;2013-06-26;6;21;6;;0-30cm;8,790571103;;
trial C;2013-06-26;6;21;6;;30-45cm;1,703522995;;
trial C;2013-06-26;6;21;6;;45-75cm;2,212433423;;
trial C;2013-06-26;6;21;6;;75-105cm;1,404075663;;
trial C;2013-06-26;3;22;3;;0-30cm;11,415994;;
trial C;2013-06-26;3;22;3;;30-45cm;13,6530143;;
trial C;2013-06-26;3;22;3;;45-75cm;11,03986891;;
trial C;2013-06-26;3;22;3;;75-105cm;4,725934592;;
trial C;2013-06-26;2;23;2;;0-30cm;12,66866745;;
trial C;2013-06-26;2;23;2;;30-45cm;6,03833843;;
trial C;2013-06-26;2;23;2;;45-75cm;12,7744948;;
trial C;2013-06-26;2;23;2;;75-105cm;5,575885999;;
trial C;2013-06-26;1;24;1;;0-30cm;12,55554819;;
trial C;2013-06-26;1;24;1;;30-45cm;14,91819412;;
trial C;2013-06-26;1;24;1;;45-75cm;19,39770837;;
trial C;2013-06-26;1;24;1;;75-105cm;4,929375437;;
;;;;;;;;;
trial C;2013-07-30;2;13;2;;0-30cm;11,49722044;Nmin 2013 last MA 45 korr, Tabellenblatt Trial C sortiert;
trial C;2013-07-30;2;13;2;;30-45cm;2,177572497;;
trial C;2013-07-30;2;13;2;;45-75cm;2,704917455;;
trial C;2013-07-30;2;13;2;;75-105cm;13,91756222;;
trial C;2013-07-30;3;14;3;;0-30cm;9,791374206;;
trial C;2013-07-30;3;14;3;;30-45cm;2,65780043;;
trial C;2013-07-30;3;14;3;;45-75cm;3,191345531;;
trial C;2013-07-30;3;14;3;;75-105cm;3,969398852;;
trial C;2013-07-30;1;15;1;;0-30cm;26,24057248;;
trial C;2013-07-30;1;15;1;;30-45cm;4,797585922;;
trial C;2013-07-30;1;15;1;;45-75cm;5,38299992;;
trial C;2013-07-30;1;15;1;;75-105cm;6,57631498;;
trial C;2013-07-30;6;16;6;;0-30cm;12,47512772;;
trial C;2013-07-30;6;16;6;;30-45cm;0,999734067;;
trial C;2013-07-30;6;16;6;;45-75cm;1,109652357;;
trial C;2013-07-30;6;16;6;;75-105cm;0,774532775;;
trial C;2013-07-30;5;17;5;;0-30cm;15,25927791;;
trial C;2013-07-30;5;17;5;;30-45cm;2,718688095;;
trial C;2013-07-30;5;17;5;;45-75cm;1,878807278;;
trial C;2013-07-30;5;17;5;;75-105cm;2,303484549;;
trial C;2013-07-30;4;18;4;;0-30cm;37,78743541;;
trial C;2013-07-30;4;18;4;;30-45cm;3,987951245;;
trial C;2013-07-30;4;18;4;;45-75cm;1,490249449;;
trial C;2013-07-30;4;18;4;;75-105cm;1,611999343;;
trial C;2013-07-30;5;19;5;;0-30cm;16,85644019;;
trial C;2013-07-30;5;19;5;;30-45cm;3,542728363;;
trial C;2013-07-30;5;19;5;;45-75cm;0,814698492;;
trial C;2013-07-30;5;19;5;;75-105cm;1,010796169;;
trial C;2013-07-30;4;20;4;;0-30cm;30,85080653;;
trial C;2013-07-30;4;20;4;;30-45cm;8,015210954;;
trial C;2013-07-30;4;20;4;;45-75cm;1,901326802;;
trial C;2013-07-30;4;20;4;;75-105cm;5,605273002;;
trial C;2013-07-30;6;21;6;;0-30cm;11,51736612;;
trial C;2013-07-30;6;21;6;;30-45cm;2,749046137;;
trial C;2013-07-30;6;21;6;;45-75cm;1,4697916;;
trial C;2013-07-30;6;21;6;;75-105cm;0,806076149;;
trial C;2013-07-30;3;22;3;;0-30cm;11,36255134;;
trial C;2013-07-30;3;22;3;;30-45cm;5,755198636;;
trial C;2013-07-30;3;22;3;;45-75cm;4,796609094;;
trial C;2013-07-30;3;22;3;;75-105cm;5,489876483;;
trial C;2013-07-30;2;23;2;;0-30cm;10,22758167;;
trial C;2013-07-30;2;23;2;;30-45cm;2,731591697;;
trial C;2013-07-30;2;23;2;;45-75cm;3,243079626;;
trial C;2013-07-30;2;23;2;;75-105cm;7,240418199;;
trial C;2013-07-30;1;24;1;;0-30cm;26,26638596;;
trial C;2013-07-30;1;24;1;;30-45cm;5,347342718;;
trial C;2013-07-30;1;24;1;;45-75cm;4,071277737;;
trial C;2013-07-30;1;24;1;;75-105cm;5,129578352;;
;;;;;;;;;
trial C;2013-10-02;2;13;2;;0-30cm;11,97188789;Nmin 2013 last MA 45 korr, Tabellenblatt Trial C sortiert;
trial C;2013-10-02;2;13;2;;30-45cm;12,56837641;;
trial C;2013-10-02;2;13;2;;45-75cm;20,65373186;;
trial C;2013-10-02;2;13;2;;75-105cm;1,001690394;;
trial C;2013-10-02;3;14;3;;0-30cm;23,87115846;;
trial C;2013-10-02;3;14;3;;30-45cm;11,72686036;;
trial C;2013-10-02;3;14;3;;45-75cm;1,767482645;;
trial C;2013-10-02;3;14;3;;75-105cm;1,146557281;;
trial C;2013-10-02;1;15;1;;0-30cm;54,12498261;;
trial C;2013-10-02;1;15;1;;30-45cm;59,6882564;;
trial C;2013-10-02;1;15;1;;45-75cm;7,387361744;;
trial C;2013-10-02;1;15;1;;75-105cm;1,794078877;;
trial C;2013-10-02;6;16;6;;0-30cm;20,6419138;;
trial C;2013-10-02;6;16;6;;30-45cm;9,545636768;;
trial C;2013-10-02;6;16;6;;45-75cm;1,270132583;;
trial C;2013-10-02;6;16;6;;75-105cm;1,748142805;;
trial C;2013-10-02;5;17;5;;0-30cm;14,73623104;;
trial C;2013-10-02;5;17;5;;30-45cm;26,61529045;;
trial C;2013-10-02;5;17;5;;45-75cm;2,787702881;;
trial C;2013-10-02;5;17;5;;75-105cm;1,150514289;;
trial C;2013-10-02;4;18;4;;0-30cm;52,16423228;;
trial C;2013-10-02;4;18;4;;30-45cm;84,53851003;;
trial C;2013-10-02;4;18;4;;45-75cm;15,29034909;;
trial C;2013-10-02;4;18;4;;75-105cm;5,791571683;;
trial C;2013-10-02;5;19;5;;0-30cm;18,44922932;;
trial C;2013-10-02;5;19;5;;30-45cm;15,35691606;;
trial C;2013-10-02;5;19;5;;45-75cm;5,914428379;;
trial C;2013-10-02;5;19;5;;75-105cm;1,97527915;;
trial C;2013-10-02;4;20;4;;0-30cm;26,59530816;;
trial C;2013-10-02;4;20;4;;30-45cm;66,03828314;;
trial C;2013-10-02;4;20;4;;45-75cm;14,58570911;;
trial C;2013-10-02;4;20;4;;75-105cm;2,501001789;;
trial C;2013-10-02;6;21;6;;0-30cm;21,01428145;;
trial C;2013-10-02;6;21;6;;30-45cm;19,05086396;;
trial C;2013-10-02;6;21;6;;45-75cm;2,014905115;;
trial C;2013-10-02;6;21;6;;75-105cm;1,940083442;;
trial C;2013-10-02;3;22;3;;0-30cm;24,6363881;;
trial C;2013-10-02;3;22;3;;30-45cm;9,597751989;;
trial C;2013-10-02;3;22;3;;45-75cm;2,927995576;;
trial C;2013-10-02;3;22;3;;75-105cm;1,2693608;;
trial C;2013-10-02;2;23;2;;0-30cm;14,81078433;;
trial C;2013-10-02;2;23;2;;30-45cm;10,14345627;;
trial C;2013-10-02;2;23;2;;45-75cm;2,228309282;;
trial C;2013-10-02;2;23;2;;75-105cm;2,400287581;;
trial C;2013-10-02;1;24;1;;0-30cm;41,52522492;;
trial C;2013-10-02;1;24;1;;30-45cm;51,90588138;;
trial C;2013-10-02;1;24;1;;45-75cm;1,784155122;;
trial C;2013-10-02;1;24;1;;75-105cm;1,463836551;;
;;;;;;;;;
trial C;2014-03-11;1;1;1;;0-30cm;26,26776684;Nmin 2014 gilt, Tabellenblatt Trial C sortiert;
trial C;2014-03-11;1;1;1;;30-45cm;6,480923478;;
trial C;2014-03-11;1;1;1;;45-75cm;3,867094356;;
trial C;2014-03-11;1;1;1;;75-105cm;3,942085256;;
trial C;2014-03-11;2;2;2;;0-30cm;14,29031899;;
trial C;2014-03-11;2;2;2;;30-45cm;5,546324434;;
trial C;2014-03-11;2;2;2;;45-75cm;3,637797608;;
trial C;2014-03-11;2;2;2;;75-105cm;2,857183744;;
trial C;2014-03-11;3;3;3;;0-30cm;10,31687952;;
trial C;2014-03-11;3;3;3;;30-45cm;2,949254638;;
trial C;2014-03-11;3;3;3;;45-75cm;4,089064116;;
trial C;2014-03-11;3;3;3;;75-105cm;2,498014655;;
trial C;2014-03-11;4;4;4;;0-30cm;43,07873659;;
trial C;2014-03-11;4;4;4;;30-45cm;8,658004958;;
trial C;2014-03-11;4;4;4;;45-75cm;4,481984407;;
trial C;2014-03-11;4;4;4;;75-105cm;3,049805755;;
trial C;2014-03-11;5;5;5;;0-30cm;11,1122023;;
trial C;2014-03-11;5;5;5;;30-45cm;5,575307031;;
trial C;2014-03-11;5;5;5;;45-75cm;5,233194579;;
trial C;2014-03-11;5;5;5;;75-105cm;3,293351195;;
trial C;2014-03-11;6;6;6;;0-30cm;12,67773102;;
trial C;2014-03-11;6;6;6;;30-45cm;3,892447941;;
trial C;2014-03-11;6;6;6;;45-75cm;4,016640444;;
trial C;2014-03-11;6;6;6;;75-105cm;5,190979761;;
trial C;2014-03-11;5;7;5;;0-30cm;11,05624585;;
trial C;2014-03-11;5;7;5;;30-45cm;4,105311601;;
trial C;2014-03-11;5;7;5;;45-75cm;3,653034228;;
trial C;2014-03-11;5;7;5;;75-105cm;4,025820896;;
trial C;2014-03-11;6;8;6;;0-30cm;12,05953241;;
trial C;2014-03-11;6;8;6;;30-45cm;3,972490218;;
trial C;2014-03-11;6;8;6;;45-75cm;3,318992033;;
trial C;2014-03-11;6;8;6;;75-105cm;2,71725018;;
trial C;2014-03-11;4;9;4;;0-30cm;53,95074463;;
trial C;2014-03-11;4;9;4;;30-45cm;10,15687937;;
trial C;2014-03-11;4;9;4;;45-75cm;11,58734118;;
trial C;2014-03-11;4;9;4;;75-105cm;5,196760563;;
trial C;2014-03-11;3;10;3;;0-30cm;7,508799851;;
trial C;2014-03-11;3;10;3;;30-45cm;11,52494004;;
trial C;2014-03-11;3;10;3;;45-75cm;3,256677187;;
trial C;2014-03-11;3;10;3;;75-105cm;3,008865586;;
trial C;2014-03-11;1;11;1;;0-30cm;16,90977543;;
trial C;2014-03-11;1;11;1;;30-45cm;7,082658999;;
trial C;2014-03-11;1;11;1;;45-75cm;3,822711864;;
trial C;2014-03-11;1;11;1;;75-105cm;2,809735828;;
trial C;2014-03-11;2;12;2;;0-30cm;16,41200405;;
trial C;2014-03-11;2;12;2;;30-45cm;9,394949027;;
trial C;2014-03-11;2;12;2;;45-75cm;2,444404517;;
trial C;2014-03-11;2;12;2;;75-105cm;2,220726471;;
trial C;2014-03-11;2;13;2;;0-30cm;7,47512881;;
trial C;2014-03-11;2;13;2;;30-45cm;2,191246652;;
trial C;2014-03-11;2;13;2;;45-75cm;3,010986824;;
trial C;2014-03-11;2;13;2;;75-105cm;2,538735887;;
trial C;2014-03-11;3;14;3;;0-30cm;53,93799289;;
trial C;2014-03-11;3;14;3;;30-45cm;2,397170209;;
trial C;2014-03-11;3;14;3;;45-75cm;4,30260153;;
trial C;2014-03-11;3;14;3;;75-105cm;2,952792871;;
trial C;2014-03-11;1;15;1;;0-30cm;33,63751102;;
trial C;2014-03-11;1;15;1;;30-45cm;2,900295781;;
trial C;2014-03-11;1;15;1;;45-75cm;2,784502049;;
trial C;2014-03-11;1;15;1;;75-105cm;2,620935799;;
trial C;2014-03-11;6;16;6;;0-30cm;12,52751762;;
trial C;2014-03-11;6;16;6;;30-45cm;2,21479653;;
trial C;2014-03-11;6;16;6;;45-75cm;1,874495387;;
trial C;2014-03-11;6;16;6;;75-105cm;1,011805145;;
trial C;2014-03-11;5;17;5;;0-30cm;12,89910786;;
trial C;2014-03-11;5;17;5;;30-45cm;2,385390916;;
trial C;2014-03-11;5;17;5;;45-75cm;1,047958266;;
trial C;2014-03-11;5;17;5;;75-105cm;1,696514;;
trial C;2014-03-11;4;18;4;;0-30cm;53,6425943;;
trial C;2014-03-11;4;18;4;;30-45cm;8,322363659;;
trial C;2014-03-11;4;18;4;;45-75cm;3,402041246;;
trial C;2014-03-11;4;18;4;;75-105cm;9,686180562;;
trial C;2014-03-11;5;19;5;;0-30cm;4,562042834;;
trial C;2014-03-11;5;19;5;;30-45cm;2,387025004;;
trial C;2014-03-11;5;19;5;;45-75cm;2,437373509;;
trial C;2014-03-11;5;19;5;;75-105cm;2,469931168;;
trial C;2014-03-11;4;20;4;;0-30cm;16,27839442;;
trial C;2014-03-11;4;20;4;;30-45cm;2,751981315;;
trial C;2014-03-11;4;20;4;;45-75cm;3,29493605;;
trial C;2014-03-11;4;20;4;;75-105cm;2,841445752;;
trial C;2014-03-11;6;21;6;;0-30cm;5,971003292;;
trial C;2014-03-11;6;21;6;;30-45cm;2,796329546;;
trial C;2014-03-11;6;21;6;;45-75cm;1,238040541;;
trial C;2014-03-11;6;21;6;;75-105cm;1,132795506;;
trial C;2014-03-11;3;22;3;;0-30cm;26,91892185;;
trial C;2014-03-11;3;22;3;;30-45cm;2,389762113;;
trial C;2014-03-11;3;22;3;;45-75cm;2,40527384;;
trial C;2014-03-11;3;22;3;;75-105cm;2,868539959;;
trial C;2014-03-11;2;23;2;;0-30cm;15,42776581;;
trial C;2014-03-11;2;23;2;;30-45cm;6,305887821;;
trial C;2014-03-11;2;23;2;;45-75cm;3,290480465;;
trial C;2014-03-11;2;23;2;;75-105cm;4,021404959;;
trial C;2014-03-11;1;24;1;;0-30cm;22,86148692;;
trial C;2014-03-11;1;24;1;;30-45cm;6,513776224;;
trial C;2014-03-11;1;24;1;;45-75cm;6,686201479;;
trial C;2014-03-11;1;24;1;;75-105cm;4,143488058;;
;;;;;;;;;
trial C;2014-04-10;2;13;2;;0-30cm;15,34169818;Nmin 2014 gilt, Tabellenblatt Trial C sortiert;
trial C;2014-04-10;2;13;2;;30-45cm;4,559296864;;
trial C;2014-04-10;2;13;2;;45-75cm;1,548927977;;
trial C;2014-04-10;2;13;2;;75-105cm;2,609384942;;
trial C;2014-04-10;3;14;3;;0-30cm;28,58319556;;
trial C;2014-04-10;3;14;3;;30-45cm;7,210442087;;
trial C;2014-04-10;3;14;3;;45-75cm;1,056737245;;
trial C;2014-04-10;3;14;3;;75-105cm;0,586963544;;
trial C;2014-04-10;1;15;1;;0-30cm;30,75326174;;
trial C;2014-04-10;1;15;1;;30-45cm;13,69936474;;
trial C;2014-04-10;1;15;1;;45-75cm;3,774999833;;
trial C;2014-04-10;1;15;1;;75-105cm;5,25167768;;
trial C;2014-04-10;6;16;6;;0-30cm;17,39365062;;
trial C;2014-04-10;6;16;6;;30-45cm;2,642641997;;
trial C;2014-04-10;6;16;6;;45-75cm;0,857002447;;
trial C;2014-04-10;6;16;6;;75-105cm;2,552035551;;
trial C;2014-04-10;5;17;5;;0-30cm;25,87062328;;
trial C;2014-04-10;5;17;5;;30-45cm;2,717698936;;
trial C;2014-04-10;5;17;5;;45-75cm;0,995878793;;
trial C;2014-04-10;5;17;5;;75-105cm;0,989303531;;
trial C;2014-04-10;4;18;4;;0-30cm;47,62242367;;
trial C;2014-04-10;4;18;4;;30-45cm;19,57002234;;
trial C;2014-04-10;4;18;4;;45-75cm;0;;
trial C;2014-04-10;4;18;4;;75-105cm;0,912569632;;
trial C;2014-04-10;5;19;5;;0-30cm;70,66682815;;
trial C;2014-04-10;5;19;5;;30-45cm;7,752228202;;
trial C;2014-04-10;5;19;5;;45-75cm;4,510951261;;
trial C;2014-04-10;5;19;5;;75-105cm;2,788515171;;
trial C;2014-04-10;4;20;4;;0-30cm;46,01207471;;
trial C;2014-04-10;4;20;4;;30-45cm;11,11660445;;
trial C;2014-04-10;4;20;4;;45-75cm;4,34864012;;
trial C;2014-04-10;4;20;4;;75-105cm;2,531233913;;
trial C;2014-04-10;6;21;6;;0-30cm;21,68589108;;
trial C;2014-04-10;6;21;6;;30-45cm;8,251426609;;
trial C;2014-04-10;6;21;6;;45-75cm;7,032269755;;
trial C;2014-04-10;6;21;6;;75-105cm;8,207307318;;
trial C;2014-04-10;3;22;3;;0-30cm;39,19158886;;
trial C;2014-04-10;3;22;3;;30-45cm;8,636514991;;
trial C;2014-04-10;3;22;3;;45-75cm;8,725869256;;
trial C;2014-04-10;3;22;3;;75-105cm;9,848675732;;
trial C;2014-04-10;2;23;2;;0-30cm;21,45073097;;
trial C;2014-04-10;2;23;2;;30-45cm;8,962498157;;
trial C;2014-04-10;2;23;2;;45-75cm;13,89910934;;
trial C;2014-04-10;2;23;2;;75-105cm;12,89346907;;
trial C;2014-04-10;1;24;1;;0-30cm;33,23910074;;
trial C;2014-04-10;1;24;1;;30-45cm;10,62560492;;
trial C;2014-04-10;1;24;1;;45-75cm;13,59794061;;
trial C;2014-04-10;1;24;1;;75-105cm;13,06473716;;
;;;;;;;;;
trial C;2014-05-14;2;13;2;;0-30cm;13,40597639;Nmin 2014 gilt, Tabellenblatt Trial C sortiert;
trial C;2014-05-14;2;13;2;;30-45cm;4,358280287;;
trial C;2014-05-14;2;13;2;;45-75cm;2,66127074;;
trial C;2014-05-14;2;13;2;;75-105cm;8,545111411;;
trial C;2014-05-14;3;14;3;;0-30cm;14,41303639;;
trial C;2014-05-14;3;14;3;;30-45cm;6,08003954;;
trial C;2014-05-14;3;14;3;;45-75cm;2,97834159;;
trial C;2014-05-14;3;14;3;;75-105cm;6,74287089;;
trial C;2014-05-14;1;15;1;;0-30cm;27,86230119;;
trial C;2014-05-14;1;15;1;;30-45cm;6,604805165;;
trial C;2014-05-14;1;15;1;;45-75cm;6,863366506;;
trial C;2014-05-14;1;15;1;;75-105cm;8,821518955;;
trial C;2014-05-14;6;16;6;;0-30cm;19,63487103;;
trial C;2014-05-14;6;16;6;;30-45cm;4,126229259;;
trial C;2014-05-14;6;16;6;;45-75cm;3,388618349;;
trial C;2014-05-14;6;16;6;;75-105cm;7,866129632;;
trial C;2014-05-14;5;17;5;;0-30cm;13,53638273;;
trial C;2014-05-14;5;17;5;;30-45cm;2,998411946;;
trial C;2014-05-14;5;17;5;;45-75cm;3,57550285;;
trial C;2014-05-14;5;17;5;;75-105cm;8,076309815;;
trial C;2014-05-14;4;18;4;;0-30cm;15,1633714;;
trial C;2014-05-14;4;18;4;;30-45cm;5,154232476;;
trial C;2014-05-14;4;18;4;;45-75cm;4,954738402;;
trial C;2014-05-14;4;18;4;;75-105cm;10,23064509;;
trial C;2014-05-14;5;19;5;;0-30cm;18,0192552;;
trial C;2014-05-14;5;19;5;;30-45cm;3,660947247;;
trial C;2014-05-14;5;19;5;;45-75cm;2,898170422;;
trial C;2014-05-14;5;19;5;;75-105cm;7,259387229;;
trial C;2014-05-14;4;20;4;;0-30cm;14,44849987;;
trial C;2014-05-14;4;20;4;;30-45cm;6,117775845;;
trial C;2014-05-14;4;20;4;;45-75cm;8,441793195;;
trial C;2014-05-14;4;20;4;;75-105cm;7,961558508;;
trial C;2014-05-14;6;21;6;;0-30cm;16,68095044;;
trial C;2014-05-14;6;21;6;;30-45cm;6,363422934;;
trial C;2014-05-14;6;21;6;;45-75cm;6,906298045;;
trial C;2014-05-14;6;21;6;;75-105cm;8,123556811;;
trial C;2014-05-14;3;22;3;;0-30cm;16,57636843;;
trial C;2014-05-14;3;22;3;;30-45cm;3,86031843;;
trial C;2014-05-14;3;22;3;;45-75cm;8,179933944;;
trial C;2014-05-14;3;22;3;;75-105cm;6,036730972;;
trial C;2014-05-14;2;23;2;;0-30cm;17,06986029;;
trial C;2014-05-14;2;23;2;;30-45cm;5,901606649;;
trial C;2014-05-14;2;23;2;;45-75cm;6,905446002;;
trial C;2014-05-14;2;23;2;;75-105cm;7,464416441;;
trial C;2014-05-14;1;24;1;;0-30cm;16,06411114;;
trial C;2014-05-14;1;24;1;;30-45cm;6,384393487;;
trial C;2014-05-14;1;24;1;;45-75cm;9,593209176;;
trial C;2014-05-14;1;24;1;;75-105cm;7,261907354;;
;;;;;;;;;
trial C;2014-06-12;2;13;2;;0-30cm;13,1555088;Nmin 2014 gilt, Tabellenblatt Trial C sortiert;
trial C;2014-06-12;2;13;2;;30-45cm;6,627096347;;
trial C;2014-06-12;2;13;2;;45-75cm;10,75645228;;
trial C;2014-06-12;2;13;2;;75-105cm;8,785120608;;
trial C;2014-06-12;3;14;3;;0-30cm;12,28856202;;
trial C;2014-06-12;3;14;3;;30-45cm;5,16388424;;
trial C;2014-06-12;3;14;3;;45-75cm;9,502076048;;
trial C;2014-06-12;3;14;3;;75-105cm;10,45234345;;
trial C;2014-06-12;1;15;1;;0-30cm;19,37563866;;
trial C;2014-06-12;1;15;1;;30-45cm;4,80320835;;
trial C;2014-06-12;1;15;1;;45-75cm;7,494695632;;
trial C;2014-06-12;1;15;1;;75-105cm;8,815521597;;
trial C;2014-06-12;6;16;6;;0-30cm;15,43328425;;
trial C;2014-06-12;6;16;6;;30-45cm;5,303559954;;
trial C;2014-06-12;6;16;6;;45-75cm;12,92258556;;
trial C;2014-06-12;6;16;6;;75-105cm;14,54927371;;
trial C;2014-06-12;5;17;5;;0-30cm;15,2094336;;
trial C;2014-06-12;5;17;5;;30-45cm;12,34416959;;
trial C;2014-06-12;5;17;5;;45-75cm;15,29480405;;
trial C;2014-06-12;5;17;5;;75-105cm;7,505294534;;
trial C;2014-06-12;4;18;4;;0-30cm;14,54419053;;
trial C;2014-06-12;4;18;4;;30-45cm;4,448520814;;
trial C;2014-06-12;4;18;4;;45-75cm;9,360015798;;
trial C;2014-06-12;4;18;4;;75-105cm;6,103132185;;
trial C;2014-06-12;5;19;5;;0-30cm;10,58871497;;
trial C;2014-06-12;5;19;5;;30-45cm;6,806633921;;
trial C;2014-06-12;5;19;5;;45-75cm;7,235891656;;
trial C;2014-06-12;5;19;5;;75-105cm;4,80779669;;
trial C;2014-06-12;4;20;4;;0-30cm;9,724919127;;
trial C;2014-06-12;4;20;4;;30-45cm;6,680102664;;
trial C;2014-06-12;4;20;4;;45-75cm;9,085750184;;
trial C;2014-06-12;4;20;4;;75-105cm;6,473072619;;
trial C;2014-06-12;6;21;6;;0-30cm;11,23161953;;
trial C;2014-06-12;6;21;6;;30-45cm;8,327025464;;
trial C;2014-06-12;6;21;6;;45-75cm;7,46599345;;
trial C;2014-06-12;6;21;6;;75-105cm;6,248677394;;
trial C;2014-06-12;3;22;3;;0-30cm;8,498255364;;
trial C;2014-06-12;3;22;3;;30-45cm;5,16220976;;
trial C;2014-06-12;3;22;3;;45-75cm;5,287053019;;
trial C;2014-06-12;3;22;3;;75-105cm;12,28666424;;
trial C;2014-06-12;2;23;2;;0-30cm;8,236173062;;
trial C;2014-06-12;2;23;2;;30-45cm;5,357570335;;
trial C;2014-06-12;2;23;2;;45-75cm;10,19154005;;
trial C;2014-06-12;2;23;2;;75-105cm;5,964373097;;
trial C;2014-06-12;1;24;1;;0-30cm;11,60393908;;
trial C;2014-06-12;1;24;1;;30-45cm;6,819662037;;
trial C;2014-06-12;1;24;1;;45-75cm;8,491473812;;
trial C;2014-06-12;1;24;1;;75-105cm;6,576370982;;
;;;;;;;;;
trial C;2014-07-22;2;13;2;;0-30cm;34,05717586;Nmin 2014 gilt, Tabellenblatt Trial C sortiert;
trial C;2014-07-22;2;13;2;;30-45cm;10,69697567;;
trial C;2014-07-22;2;13;2;;45-75cm;7,092104526;;
trial C;2014-07-22;2;13;2;;75-105cm;6,931413244;;
trial C;2014-07-22;3;14;3;;0-30cm;24,29471457;;
trial C;2014-07-22;3;14;3;;30-45cm;10,09381243;;
trial C;2014-07-22;3;14;3;;45-75cm;6,107217886;;
trial C;2014-07-22;3;14;3;;75-105cm;5,080266344;;
trial C;2014-07-22;1;15;1;;0-30cm;33,4299483;;
trial C;2014-07-22;1;15;1;;30-45cm;12,82802499;;
trial C;2014-07-22;1;15;1;;45-75cm;10,63872681;;
trial C;2014-07-22;1;15;1;;75-105cm;11,06055775;;
trial C;2014-07-22;6;16;6;;0-30cm;25,84275975;;
trial C;2014-07-22;6;16;6;;30-45cm;9,304244832;;
trial C;2014-07-22;6;16;6;;45-75cm;4,875901277;;
trial C;2014-07-22;6;16;6;;75-105cm;5,714964637;;
trial C;2014-07-22;5;17;5;;0-30cm;32,59441966;;
trial C;2014-07-22;5;17;5;;30-45cm;9,893591697;;
trial C;2014-07-22;5;17;5;;45-75cm;5,501764684;;
trial C;2014-07-22;5;17;5;;75-105cm;3,985407499;;
trial C;2014-07-22;4;18;4;;0-30cm;31,54519266;;
trial C;2014-07-22;4;18;4;;30-45cm;20,4937705;;
trial C;2014-07-22;4;18;4;;45-75cm;7,670633062;;
trial C;2014-07-22;4;18;4;;75-105cm;6,204922438;;
trial C;2014-07-22;5;19;5;;0-30cm;28,97455345;;
trial C;2014-07-22;5;19;5;;30-45cm;11,65556478;;
trial C;2014-07-22;5;19;5;;45-75cm;5,997461077;;
trial C;2014-07-22;5;19;5;;75-105cm;5,692036787;;
trial C;2014-07-22;4;20;4;;0-30cm;37,74512877;;
trial C;2014-07-22;4;20;4;;30-45cm;16,06920496;;
trial C;2014-07-22;4;20;4;;45-75cm;6,795069049;;
trial C;2014-07-22;4;20;4;;75-105cm;6,722855937;;
trial C;2014-07-22;6;21;6;;0-30cm;34,51081146;;
trial C;2014-07-22;6;21;6;;30-45cm;11,17414683;;
trial C;2014-07-22;6;21;6;;45-75cm;5,773441164;;
trial C;2014-07-22;6;21;6;;75-105cm;5,175658918;;
trial C;2014-07-22;3;22;3;;0-30cm;21,00505054;;
trial C;2014-07-22;3;22;3;;30-45cm;4,885696617;;
trial C;2014-07-22;3;22;3;;45-75cm;6,428319986;;
trial C;2014-07-22;3;22;3;;75-105cm;6,120217906;;
trial C;2014-07-22;2;23;2;;0-30cm;24,96513332;;
trial C;2014-07-22;2;23;2;;30-45cm;5,662706867;;
trial C;2014-07-22;2;23;2;;45-75cm;9,235626238;;
trial C;2014-07-22;2;23;2;;75-105cm;5,819220367;;
trial C;2014-07-22;1;24;1;;0-30cm;28,40156916;;
trial C;2014-07-22;1;24;1;;30-45cm;10,77308137;;
trial C;2014-07-22;1;24;1;;45-75cm;7,11845632;;
trial C;2014-07-22;1;24;1;;75-105cm;8,436742204;;
;;;;;;;;;
trial C;2014-09-02;2;13;2;;0-30cm;44,89060986;Nmin 2014 gilt, Tabellenblatt Trial C sortiert;
trial C;2014-09-02;2;13;2;;30-45cm;22,70451254;;
trial C;2014-09-02;2;13;2;;45-75cm;15,03922991;;
trial C;2014-09-02;2;13;2;;75-105cm;21,89815075;;
trial C;2014-09-02;3;14;3;;0-30cm;41,8258706;;
trial C;2014-09-02;3;14;3;;30-45cm;29,21348634;;
trial C;2014-09-02;3;14;3;;45-75cm;24,23653113;;
trial C;2014-09-02;3;14;3;;75-105cm;4,249494056;;
trial C;2014-09-02;1;15;1;;0-30cm;50,55881293;;
trial C;2014-09-02;1;15;1;;30-45cm;43,34656494;;
trial C;2014-09-02;1;15;1;;45-75cm;36,63526288;;
trial C;2014-09-02;1;15;1;;75-105cm;10,97793049;;
trial C;2014-09-02;6;16;6;;0-30cm;44,08396637;;
trial C;2014-09-02;6;16;6;;30-45cm;24,07499453;;
trial C;2014-09-02;6;16;6;;45-75cm;13,20122574;;
trial C;2014-09-02;6;16;6;;75-105cm;15,67872385;;
trial C;2014-09-02;5;17;5;;0-30cm;44,94270365;;
trial C;2014-09-02;5;17;5;;30-45cm;29,02671719;;
trial C;2014-09-02;5;17;5;;45-75cm;29,10787853;;
trial C;2014-09-02;5;17;5;;75-105cm;10,68374324;;
trial C;2014-09-02;4;18;4;;0-30cm;42,52718719;;
trial C;2014-09-02;4;18;4;;30-45cm;44,48113797;;
trial C;2014-09-02;4;18;4;;45-75cm;30,82252102;;
trial C;2014-09-02;4;18;4;;75-105cm;16,65130147;;
trial C;2014-09-02;5;19;5;;0-30cm;41,3772536;;
trial C;2014-09-02;5;19;5;;30-45cm;23,10307601;;
trial C;2014-09-02;5;19;5;;45-75cm;19,32112395;;
trial C;2014-09-02;5;19;5;;75-105cm;10,03481331;;
trial C;2014-09-02;4;20;4;;0-30cm;52,92020518;;
trial C;2014-09-02;4;20;4;;30-45cm;28,93361887;;
trial C;2014-09-02;4;20;4;;45-75cm;19,80953988;;
trial C;2014-09-02;4;20;4;;75-105cm;8,885884624;;
trial C;2014-09-02;6;21;6;;0-30cm;42,19897497;;
trial C;2014-09-02;6;21;6;;30-45cm;17,88710532;;
trial C;2014-09-02;6;21;6;;45-75cm;5,212643962;;
trial C;2014-09-02;6;21;6;;75-105cm;6,398110251;;
trial C;2014-09-02;3;22;3;;0-30cm;46,62267138;;
trial C;2014-09-02;3;22;3;;30-45cm;25,8544053;;
trial C;2014-09-02;3;22;3;;45-75cm;16,22146857;;
trial C;2014-09-02;3;22;3;;75-105cm;5,658820362;;
trial C;2014-09-02;2;23;2;;0-30cm;37,7610965;;
trial C;2014-09-02;2;23;2;;30-45cm;21,39577437;;
trial C;2014-09-02;2;23;2;;45-75cm;13,52633948;;
trial C;2014-09-02;2;23;2;;75-105cm;6,230590137;;
trial C;2014-09-02;1;24;1;;0-30cm;40,06059626;;
trial C;2014-09-02;1;24;1;;30-45cm;19,43079826;;
trial C;2014-09-02;1;24;1;;45-75cm;11,91833069;;
trial C;2014-09-02;1;24;1;;75-105cm;14,27829309;;
;;;;;;;;;
trial C;2014-11-10;2;13;2;;0-30cm;40,83429549;Nmin 2014 gilt, Tabellenblatt Trial C sortiert;
trial C;2014-11-10;2;13;2;;30-45cm;35,726196;;
trial C;2014-11-10;2;13;2;;45-75cm;34,77456943;;
trial C;2014-11-10;2;13;2;;75-105cm;18,56183583;;
trial C;2014-11-10;3;14;3;;0-30cm;50,77304533;;
trial C;2014-11-10;3;14;3;;30-45cm;34,9524774;;
trial C;2014-11-10;3;14;3;;45-75cm;43,44831046;;
trial C;2014-11-10;3;14;3;;75-105cm;13,60547708;;
trial C;2014-11-10;1;15;1;;0-30cm;59,50862568;;
trial C;2014-11-10;1;15;1;;30-45cm;37,77216868;;
trial C;2014-11-10;1;15;1;;45-75cm;47,8155424;;
trial C;2014-11-10;1;15;1;;75-105cm;26,06611376;;
trial C;2014-11-10;6;16;6;;0-30cm;57,26211543;;
trial C;2014-11-10;6;16;6;;30-45cm;47,25301551;;
trial C;2014-11-10;6;16;6;;45-75cm;54,72246977;;
trial C;2014-11-10;6;16;6;;75-105cm;24,28063222;;
trial C;2014-11-10;5;17;5;;0-30cm;50,4639997;;
trial C;2014-11-10;5;17;5;;30-45cm;34,67978351;;
trial C;2014-11-10;5;17;5;;45-75cm;49,6271299;;
trial C;2014-11-10;5;17;5;;75-105cm;27,66939356;;
trial C;2014-11-10;4;18;4;;0-30cm;56,48670234;;
trial C;2014-11-10;4;18;4;;30-45cm;43,89177313;;
trial C;2014-11-10;4;18;4;;45-75cm;65,89255994;;
trial C;2014-11-10;4;18;4;;75-105cm;46,09151377;;
trial C;2014-11-10;5;19;5;;0-30cm;39,41000887;;
trial C;2014-11-10;5;19;5;;30-45cm;36,10215183;;
trial C;2014-11-10;5;19;5;;45-75cm;45,56144596;;
trial C;2014-11-10;5;19;5;;75-105cm;11,80925888;;
trial C;2014-11-10;4;20;4;;0-30cm;46,32366964;;
trial C;2014-11-10;4;20;4;;30-45cm;36,32202756;;
trial C;2014-11-10;4;20;4;;45-75cm;36,00612742;;
trial C;2014-11-10;4;20;4;;75-105cm;17,5341103;;
trial C;2014-11-10;6;21;6;;0-30cm;50,92085483;;
trial C;2014-11-10;6;21;6;;30-45cm;23,8785994;;
trial C;2014-11-10;6;21;6;;45-75cm;36,83922009;;
trial C;2014-11-10;6;21;6;;75-105cm;14,51291044;;
trial C;2014-11-10;3;22;3;;0-30cm;37,16615781;;
trial C;2014-11-10;3;22;3;;30-45cm;25,67598007;;
trial C;2014-11-10;3;22;3;;45-75cm;24,61250291;;
trial C;2014-11-10;3;22;3;;75-105cm;12,7924179;;
trial C;2014-11-10;2;23;2;;0-30cm;56,27384845;;
trial C;2014-11-10;2;23;2;;30-45cm;30,34472251;;
trial C;2014-11-10;2;23;2;;45-75cm;39,14396341;;
trial C;2014-11-10;2;23;2;;75-105cm;18,66847185;;
trial C;2014-11-10;1;24;1;;0-30cm;49,85905826;;
trial C;2014-11-10;1;24;1;;30-45cm;28,56203387;;
trial C;2014-11-10;1;24;1;;45-75cm;41,50548804;;
trial C;2014-11-10;1;24;1;;75-105cm;15,39858718;;
;;;;;;;;;
trial C;2015-04-08;1;1;1;;0-30cm;18,93502556;Nmin 2015 b, Tabellenblatt C sortiert;
trial C;2015-04-08;1;1;1;;30-45cm;7,962377008;;
trial C;2015-04-08;1;1;1;;45-75cm;17,97572945;;
trial C;2015-04-08;1;1;1;;75-105cm;36,66907241;;
trial C;2015-04-08;2;2;2;;0-30cm;38,2847051;;
trial C;2015-04-08;2;2;2;;30-45cm;18,26438148;;
trial C;2015-04-08;2;2;2;;45-75cm;30,20763419;;
trial C;2015-04-08;2;2;2;;75-105cm;28,1701605;;
trial C;2015-04-08;3;3;3;;0-30cm;37,45274311;;
trial C;2015-04-08;3;3;3;;30-45cm;5,948309243;;
trial C;2015-04-08;3;3;3;;45-75cm;28,21280556;;
trial C;2015-04-08;3;3;3;;75-105cm;36,16780178;;
trial C;2015-04-08;4;4;4;;0-30cm;38,81673275;;
trial C;2015-04-08;4;4;4;;30-45cm;6,171151647;;
trial C;2015-04-08;4;4;4;;45-75cm;16,41859153;;
trial C;2015-04-08;4;4;4;;75-105cm;15,06737581;;
trial C;2015-04-08;5;5;5;;0-30cm;22,01990138;;
trial C;2015-04-08;5;5;5;;30-45cm;9,196644093;;
trial C;2015-04-08;5;5;5;;45-75cm;27,2647198;;
trial C;2015-04-08;5;5;5;;75-105cm;26,51997782;;
trial C;2015-04-08;6;6;6;;0-30cm;50,96556292;;
trial C;2015-04-08;6;6;6;;30-45cm;23,82469725;;
trial C;2015-04-08;6;6;6;;45-75cm;74,51990549;;
trial C;2015-04-08;6;6;6;;75-105cm;44,6031481;;
trial C;2015-04-08;5;7;5;;0-30cm;32,3201171;;
trial C;2015-04-08;5;7;5;;30-45cm;11,93650556;;
trial C;2015-04-08;5;7;5;;45-75cm;19,25231451;;
trial C;2015-04-08;5;7;5;;75-105cm;50,29387143;;
trial C;2015-04-08;6;8;6;;0-30cm;24,76660278;;
trial C;2015-04-08;6;8;6;;30-45cm;10,62856311;;
trial C;2015-04-08;6;8;6;;45-75cm;26,21934875;;
trial C;2015-04-08;6;8;6;;75-105cm;32,26184029;;
trial C;2015-04-08;4;9;4;;0-30cm;33,5763205;;
trial C;2015-04-08;4;9;4;;30-45cm;18,88728485;;
trial C;2015-04-08;4;9;4;;45-75cm;49,39086566;;
trial C;2015-04-08;4;9;4;;75-105cm;51,59583105;;
trial C;2015-04-08;3;10;3;;0-30cm;35,07142359;;
trial C;2015-04-08;3;10;3;;30-45cm;14,00886383;;
trial C;2015-04-08;3;10;3;;45-75cm;32,59389116;;
trial C;2015-04-08;3;10;3;;75-105cm;51,34645672;;
trial C;2015-04-08;1;11;1;;0-30cm;24,84466541;;
trial C;2015-04-08;1;11;1;;30-45cm;16,79991999;;
trial C;2015-04-08;1;11;1;;45-75cm;23,67614118;;
trial C;2015-04-08;1;11;1;;75-105cm;53,71246753;;
trial C;2015-04-08;2;12;2;;0-30cm;28,5631446;;
trial C;2015-04-08;2;12;2;;30-45cm;11,54408633;;
trial C;2015-04-08;2;12;2;;45-75cm;25,3393985;;
trial C;2015-04-08;2;12;2;;75-105cm;43,91916123;;
trial C;2015-04-08;2;13;2;;0-30cm;36,67921927;;
trial C;2015-04-08;2;13;2;;30-45cm;14,75769444;;
trial C;2015-04-08;2;13;2;;45-75cm;30,68223286;;
trial C;2015-04-08;2;13;2;;75-105cm;44,98799875;;
trial C;2015-04-08;3;14;3;;0-30cm;38,01966626;;
trial C;2015-04-08;3;14;3;;30-45cm;17,40687039;;
trial C;2015-04-08;3;14;3;;45-75cm;34,80188891;;
trial C;2015-04-08;3;14;3;;75-105cm;43,59799243;;
trial C;2015-04-08;1;15;1;;0-30cm;35,5418695;;
trial C;2015-04-08;1;15;1;;30-45cm;16,52735326;;
trial C;2015-04-08;1;15;1;;45-75cm;49,05973504;;
trial C;2015-04-08;1;15;1;;75-105cm;57,91774637;;
trial C;2015-04-08;6;16;6;;0-30cm;40,5476779;;
trial C;2015-04-08;6;16;6;;30-45cm;15,78788589;;
trial C;2015-04-08;6;16;6;;45-75cm;29,1055649;;
trial C;2015-04-08;6;16;6;;75-105cm;56,82989482;;
trial C;2015-04-08;5;17;5;;0-30cm;21,13766234;;
trial C;2015-04-08;5;17;5;;30-45cm;6,512359551;;
trial C;2015-04-08;5;17;5;;45-75cm;21,49882904;;
trial C;2015-04-08;5;17;5;;75-105cm;49,27336479;;
trial C;2015-04-08;4;18;4;;0-30cm;40,99205342;;
trial C;2015-04-08;4;18;4;;30-45cm;21,75752481;;
trial C;2015-04-08;4;18;4;;45-75cm;35,63164904;;
trial C;2015-04-08;4;18;4;;75-105cm;47,72839984;;
trial C;2015-04-08;5;19;5;;0-30cm;44,09540755;;
trial C;2015-04-08;5;19;5;;30-45cm;18,73473159;;
trial C;2015-04-08;5;19;5;;45-75cm;26,96207169;;
trial C;2015-04-08;5;19;5;;75-105cm;34,58334161;;
trial C;2015-04-08;4;20;4;;0-30cm;44,67690377;;
trial C;2015-04-08;4;20;4;;30-45cm;15,4423796;;
trial C;2015-04-08;4;20;4;;45-75cm;36,6829719;;
trial C;2015-04-08;4;20;4;;75-105cm;40,77218033;;
trial C;2015-04-08;6;21;6;;0-30cm;35,67117031;;
trial C;2015-04-08;6;21;6;;30-45cm;13,57331097;;
trial C;2015-04-08;6;21;6;;45-75cm;25,92824427;;
trial C;2015-04-08;6;21;6;;75-105cm;32,69139032;;
trial C;2015-04-08;3;22;3;;0-30cm;36,03423634;;
trial C;2015-04-08;3;22;3;;30-45cm;19,79512877;;
trial C;2015-04-08;3;22;3;;45-75cm;38,86215707;;
trial C;2015-04-08;3;22;3;;75-105cm;33,59689202;;
trial C;2015-04-08;2;23;2;;0-30cm;39,00380992;;
trial C;2015-04-08;2;23;2;;30-45cm;17,72691755;;
trial C;2015-04-08;2;23;2;;45-75cm;30,07039444;;
trial C;2015-04-08;2;23;2;;75-105cm;18,31920608;;
trial C;2015-04-08;1;24;1;;0-30cm;38,0253267;;
trial C;2015-04-08;1;24;1;;30-45cm;14,40414838;;
trial C;2015-04-08;1;24;1;;45-75cm;30,9424648;;
trial C;2015-04-08;1;24;1;;75-105cm;36,24134428;;
;;;;;;;;;
trial C;2015-05-13;2;13;2;;0-30cm;5,380223314;Nmin 2015 b, Tabellenblatt C sortiert;
trial C;2015-05-13;2;13;2;;30-45cm;4,213486239;;
trial C;2015-05-13;2;13;2;;45-75cm;23,72993144;;
trial C;2015-05-13;2;13;2;;75-105cm;35,11412017;;
trial C;2015-05-13;3;14;3;;0-30cm;10,53693556;;
trial C;2015-05-13;3;14;3;;30-45cm;8,787921196;;
trial C;2015-05-13;3;14;3;;45-75cm;30,44820276;;
trial C;2015-05-13;3;14;3;;75-105cm;41,89284276;;
trial C;2015-05-13;1;15;1;;0-30cm;10,15417145;;
trial C;2015-05-13;1;15;1;;30-45cm;9,191330935;;
trial C;2015-05-13;1;15;1;;45-75cm;33,62503506;;
trial C;2015-05-13;1;15;1;;75-105cm;47,02794835;;
trial C;2015-05-13;6;16;6;;0-30cm;11,19175272;;
trial C;2015-05-13;6;16;6;;30-45cm;7,294377026;;
trial C;2015-05-13;6;16;6;;45-75cm;28,30788156;;
trial C;2015-05-13;6;16;6;;75-105cm;41,9186864;;
trial C;2015-05-13;5;17;5;;0-30cm;10,17935484;;
trial C;2015-05-13;5;17;5;;30-45cm;6,508471963;;
trial C;2015-05-13;5;17;5;;45-75cm;19,07290578;;
trial C;2015-05-13;5;17;5;;75-105cm;28,50528497;;
trial C;2015-05-13;4;18;4;;0-30cm;18,06538874;;
trial C;2015-05-13;4;18;4;;30-45cm;13,67273448;;
trial C;2015-05-13;4;18;4;;45-75cm;34,67132148;;
trial C;2015-05-13;4;18;4;;75-105cm;49,63306566;;
trial C;2015-05-13;5;19;5;;0-30cm;5,0925;;
trial C;2015-05-13;5;19;5;;30-45cm;7,92793513;;
trial C;2015-05-13;5;19;5;;45-75cm;26,63934486;;
trial C;2015-05-13;5;19;5;;75-105cm;39,99516612;;
trial C;2015-05-13;4;20;4;;0-30cm;18,5061157;;
trial C;2015-05-13;4;20;4;;30-45cm;11,05675985;;
trial C;2015-05-13;4;20;4;;45-75cm;35,87891817;;
trial C;2015-05-13;4;20;4;;75-105cm;42,49801627;;
trial C;2015-05-13;6;21;6;;0-30cm;21,75311794;;
trial C;2015-05-13;6;21;6;;30-45cm;11,02151572;;
trial C;2015-05-13;6;21;6;;45-75cm;33,696;;
trial C;2015-05-13;6;21;6;;75-105cm;42,22442494;;
trial C;2015-05-13;3;22;3;;0-30cm;22,50949091;;
trial C;2015-05-13;3;22;3;;30-45cm;5,56487395;;
trial C;2015-05-13;3;22;3;;45-75cm;33,48448706;;
trial C;2015-05-13;3;22;3;;75-105cm;52,15061495;;
trial C;2015-05-13;2;23;2;;0-30cm;10,20733516;;
trial C;2015-05-13;2;23;2;;30-45cm;9,293140417;;
trial C;2015-05-13;2;23;2;;45-75cm;28,74630975;;
trial C;2015-05-13;2;23;2;;75-105cm;33,68702929;;
trial C;2015-05-13;1;24;1;;0-30cm;22,77226545;;
trial C;2015-05-13;1;24;1;;30-45cm;12,27149375;;
trial C;2015-05-13;1;24;1;;45-75cm;30,20736741;;
trial C;2015-05-13;1;24;1;;75-105cm;38,29167949;;
;;;;;;;;;
trial C;2015-06-15;2;13;2;;0-30cm;10,80416706;Nmin 2015 b, Tabellenblatt C sortiert;
trial C;2015-06-15;2;13;2;;30-45cm;4,34877091;;
trial C;2015-06-15;2;13;2;;45-75cm;4,561634554;;
trial C;2015-06-15;2;13;2;;75-105cm;6,325066911;;
trial C;2015-06-15;3;14;3;;0-30cm;9,817187489;;
trial C;2015-06-15;3;14;3;;30-45cm;3,824190152;;
trial C;2015-06-15;3;14;3;;45-75cm;5,015886295;;
trial C;2015-06-15;3;14;3;;75-105cm;11,17310208;;
trial C;2015-06-15;1;15;1;;0-30cm;10,83522797;;
trial C;2015-06-15;1;15;1;;30-45cm;3,901958382;;
trial C;2015-06-15;1;15;1;;45-75cm;6,954350083;;
trial C;2015-06-15;1;15;1;;75-105cm;21,30664363;;
trial C;2015-06-15;6;16;6;;0-30cm;14,97143617;;
trial C;2015-06-15;6;16;6;;30-45cm;4,561445094;;
trial C;2015-06-15;6;16;6;;45-75cm;6,531659036;;
trial C;2015-06-15;6;16;6;;75-105cm;16,80958523;;
trial C;2015-06-15;5;17;5;;0-30cm;12,82904446;;
trial C;2015-06-15;5;17;5;;30-45cm;4,494517594;;
trial C;2015-06-15;5;17;5;;45-75cm;4,410905434;;
trial C;2015-06-15;5;17;5;;75-105cm;7,536336389;;
trial C;2015-06-15;4;18;4;;0-30cm;12,83299302;;
trial C;2015-06-15;4;18;4;;30-45cm;1,991948999;;
trial C;2015-06-15;4;18;4;;45-75cm;3,367473014;;
trial C;2015-06-15;4;18;4;;75-105cm;12,26891641;;
trial C;2015-06-15;5;19;5;;0-30cm;12,62397727;;
trial C;2015-06-15;5;19;5;;30-45cm;3,496360705;;
trial C;2015-06-15;5;19;5;;45-75cm;6,962221048;;
trial C;2015-06-15;5;19;5;;75-105cm;19,25671233;;
trial C;2015-06-15;4;20;4;;0-30cm;13,89884936;;
trial C;2015-06-15;4;20;4;;30-45cm;4,279722906;;
trial C;2015-06-15;4;20;4;;45-75cm;4,813759595;;
trial C;2015-06-15;4;20;4;;75-105cm;8,318653739;;
trial C;2015-06-15;6;21;6;;0-30cm;12,26175162;;
trial C;2015-06-15;6;21;6;;30-45cm;3,046998714;;
trial C;2015-06-15;6;21;6;;45-75cm;4,412623763;;
trial C;2015-06-15;6;21;6;;75-105cm;10,70480426;;
trial C;2015-06-15;3;22;3;;0-30cm;12,50959744;;
trial C;2015-06-15;3;22;3;;30-45cm;3,580329115;;
trial C;2015-06-15;3;22;3;;45-75cm;8,662358611;;
trial C;2015-06-15;3;22;3;;75-105cm;21,97831753;;
trial C;2015-06-15;2;23;2;;0-30cm;14,09730878;;
trial C;2015-06-15;2;23;2;;30-45cm;4,683490455;;
trial C;2015-06-15;2;23;2;;45-75cm;7,29313272;;
trial C;2015-06-15;2;23;2;;75-105cm;9,675307771;;
trial C;2015-06-15;1;24;1;;0-30cm;9,515688646;;
trial C;2015-06-15;1;24;1;;30-45cm;4,960344042;;
trial C;2015-06-15;1;24;1;;45-75cm;7,997338894;;
trial C;2015-06-15;1;24;1;;75-105cm;21,66934961;;
;;;;;;;;;
trial C;2015-08-13;2;13;2;;0-30cm;25,93776133;Nmin 2015 b, Tabellenblatt C sortiert;
trial C;2015-08-13;2;13;2;;30-45cm;12,11298222;;
trial C;2015-08-13;2;13;2;;45-75cm;11,82685079;;
trial C;2015-08-13;2;13;2;;75-105cm;11,17053715;;
trial C;2015-08-13;3;14;3;;0-30cm;31,52477708;;
trial C;2015-08-13;3;14;3;;30-45cm;14,30922381;;
trial C;2015-08-13;3;14;3;;45-75cm;12,2103609;;
trial C;2015-08-13;3;14;3;;75-105cm;9,737856924;;
trial C;2015-08-13;1;15;1;;0-30cm;21,41697718;;
trial C;2015-08-13;1;15;1;;30-45cm;12,14729761;;
trial C;2015-08-13;1;15;1;;45-75cm;10,30957586;;
trial C;2015-08-13;1;15;1;;75-105cm;12,60894573;;
trial C;2015-08-13;6;16;6;;0-30cm;34,13923479;;
trial C;2015-08-13;6;16;6;;30-45cm;12,39231438;;
trial C;2015-08-13;6;16;6;;45-75cm;11,33995203;;
trial C;2015-08-13;6;16;6;;75-105cm;10,13016957;;
trial C;2015-08-13;5;17;5;;0-30cm;26,64561097;;
trial C;2015-08-13;5;17;5;;30-45cm;13,20934405;;
trial C;2015-08-13;5;17;5;;45-75cm;18,07966705;;
trial C;2015-08-13;5;17;5;;75-105cm;13,1296499;;
trial C;2015-08-13;4;18;4;;0-30cm;36,99970874;;
trial C;2015-08-13;4;18;4;;30-45cm;12,7290965;;
trial C;2015-08-13;4;18;4;;45-75cm;11,06668058;;
trial C;2015-08-13;4;18;4;;75-105cm;10,90510241;;
trial C;2015-08-13;5;19;5;;0-30cm;37,02881587;;
trial C;2015-08-13;5;19;5;;30-45cm;17,30265839;;
trial C;2015-08-13;5;19;5;;45-75cm;19,22406546;;
trial C;2015-08-13;5;19;5;;75-105cm;12,3684081;;
trial C;2015-08-13;4;20;4;;0-30cm;25,2374563;;
trial C;2015-08-13;4;20;4;;30-45cm;12,40628551;;
trial C;2015-08-13;4;20;4;;45-75cm;10,50383476;;
trial C;2015-08-13;4;20;4;;75-105cm;12,33078165;;
trial C;2015-08-13;6;21;6;;0-30cm;32,57428393;;
trial C;2015-08-13;6;21;6;;30-45cm;10,60738045;;
trial C;2015-08-13;6;21;6;;45-75cm;10,6344628;;
trial C;2015-08-13;6;21;6;;75-105cm;9,153799008;;
trial C;2015-08-13;3;22;3;;0-30cm;24,79568868;;
trial C;2015-08-13;3;22;3;;30-45cm;13,10487012;;
trial C;2015-08-13;3;22;3;;45-75cm;49,28043117;;
trial C;2015-08-13;3;22;3;;75-105cm;27,28198589;;
trial C;2015-08-13;2;23;2;;0-30cm;24,99912495;;
trial C;2015-08-13;2;23;2;;30-45cm;9,335096505;;
trial C;2015-08-13;2;23;2;;45-75cm;14,53164783;;
trial C;2015-08-13;2;23;2;;75-105cm;10,92850289;;
trial C;2015-08-13;1;24;1;;0-30cm;26,71445612;;
trial C;2015-08-13;1;24;1;;30-45cm;10,59255766;;
trial C;2015-08-13;1;24;1;;45-75cm;11,434609;;
trial C;2015-08-13;1;24;1;;75-105cm;10,2248622;;
;;;;;;;;;
trial C;2015-11-03;2;13;2;;0-30cm;16,42002203;Nmin 2015 b, Tabellenblatt C sortiert;
trial C;2015-11-03;2;13;2;;30-45cm;10,20240622;;
trial C;2015-11-03;2;13;2;;45-75cm;9,801582102;;
trial C;2015-11-03;2;13;2;;75-105cm;8,157672841;;
trial C;2015-11-03;3;14;3;;0-30cm;28,05902628;;
trial C;2015-11-03;3;14;3;;30-45cm;20,08256186;;
trial C;2015-11-03;3;14;3;;45-75cm;17,89979352;;
trial C;2015-11-03;3;14;3;;75-105cm;10,06932974;;
trial C;2015-11-03;1;15;1;;0-30cm;23,3826384;;
trial C;2015-11-03;1;15;1;;30-45cm;13,33229266;;
trial C;2015-11-03;1;15;1;;45-75cm;22,37237435;;
trial C;2015-11-03;1;15;1;;75-105cm;14,65775906;;
trial C;2015-11-03;6;16;6;;0-30cm;22,13936638;;
trial C;2015-11-03;6;16;6;;30-45cm;15,59929553;;
trial C;2015-11-03;6;16;6;;45-75cm;19,61496525;;
trial C;2015-11-03;6;16;6;;75-105cm;8,970996724;;
trial C;2015-11-03;5;17;5;;0-30cm;20,86730862;;
trial C;2015-11-03;5;17;5;;30-45cm;12,44770747;;
trial C;2015-11-03;5;17;5;;45-75cm;14,25037399;;
trial C;2015-11-03;5;17;5;;75-105cm;9,06525847;;
trial C;2015-11-03;4;18;4;;0-30cm;26,12866344;;
trial C;2015-11-03;4;18;4;;30-45cm;15,04129348;;
trial C;2015-11-03;4;18;4;;45-75cm;19,42681421;;
trial C;2015-11-03;4;18;4;;75-105cm;11,28543971;;
trial C;2015-11-03;5;19;5;;0-30cm;32,34558932;;
trial C;2015-11-03;5;19;5;;30-45cm;18,70567794;;
trial C;2015-11-03;5;19;5;;45-75cm;21,59159817;;
trial C;2015-11-03;5;19;5;;75-105cm;15,03605141;;
trial C;2015-11-03;4;20;4;;0-30cm;44,62311341;;
trial C;2015-11-03;4;20;4;;30-45cm;17,57781127;;
trial C;2015-11-03;4;20;4;;45-75cm;21,67980696;;
trial C;2015-11-03;4;20;4;;75-105cm;34,75444665;;
trial C;2015-11-03;6;21;6;;0-30cm;15,38514505;;
trial C;2015-11-03;6;21;6;;30-45cm;17,46778737;;
trial C;2015-11-03;6;21;6;;45-75cm;19,34466916;;
trial C;2015-11-03;6;21;6;;75-105cm;13,68437728;;
trial C;2015-11-03;3;22;3;;0-30cm;35,33188121;;
trial C;2015-11-03;3;22;3;;30-45cm;19,49866246;;
trial C;2015-11-03;3;22;3;;45-75cm;27,12079073;;
trial C;2015-11-03;3;22;3;;75-105cm;18,9175169;;
trial C;2015-11-03;2;23;2;;0-30cm;30,04192608;;
trial C;2015-11-03;2;23;2;;30-45cm;15,03954876;;
trial C;2015-11-03;2;23;2;;45-75cm;18,41840712;;
trial C;2015-11-03;2;23;2;;75-105cm;14,07169072;;
trial C;2015-11-03;1;24;1;;0-30cm;32,27682304;;
trial C;2015-11-03;1;24;1;;30-45cm;20,68850047;;
trial C;2015-11-03;1;24;1;;45-75cm;24,63869733;;
trial C;2015-11-03;1;24;1;;75-105cm;12,45717881;;
;;;;;;;;;
trial C;2016-04-06;1;1;1;;0-30cm;12,69549916;Nmin 2016, Tabellenblatt Trial C sortiert;
trial C;2016-04-06;1;1;1;;30-45cm;5,488305932;;
trial C;2016-04-06;1;1;1;;45-75cm;9,85131959;;
trial C;2016-04-06;1;1;1;;75-105cm;8,094023524;;
trial C;2016-04-06;2;2;2;;0-30cm;12,79332984;;
trial C;2016-04-06;2;2;2;;30-45cm;4,5923013;;
trial C;2016-04-06;2;2;2;;45-75cm;5,995745467;;
trial C;2016-04-06;2;2;2;;75-105cm;6,199171364;;
trial C;2016-04-06;3;3;3;;0-30cm;8,973319358;;
trial C;2016-04-06;3;3;3;;30-45cm;3,699051547;;
trial C;2016-04-06;3;3;3;;45-75cm;3,477410871;;
trial C;2016-04-06;3;3;3;;75-105cm;5,916959829;;
trial C;2016-04-06;4;4;4;;0-30cm;7,664074448;;
trial C;2016-04-06;4;4;4;;30-45cm;3,45312196;;
trial C;2016-04-06;4;4;4;;45-75cm;6,853205835;;
trial C;2016-04-06;4;4;4;;75-105cm;6,409403955;;
trial C;2016-04-06;5;5;5;;0-30cm;9,303057027;;
trial C;2016-04-06;5;5;5;;30-45cm;4,214750225;;
trial C;2016-04-06;5;5;5;;45-75cm;5,583619755;;
trial C;2016-04-06;5;5;5;;75-105cm;8,063596981;;
trial C;2016-04-06;6;6;6;;0-30cm;9,773954771;;
trial C;2016-04-06;6;6;6;;30-45cm;4,073860459;;
trial C;2016-04-06;6;6;6;;45-75cm;6,068630686;;
trial C;2016-04-06;6;6;6;;75-105cm;8,138073734;;
trial C;2016-04-06;5;7;5;;0-30cm;16,00123181;;
trial C;2016-04-06;5;7;5;;30-45cm;6,58129927;;
trial C;2016-04-06;5;7;5;;45-75cm;7,495769049;;
trial C;2016-04-06;5;7;5;;75-105cm;6,408788321;;
trial C;2016-04-06;6;8;6;;0-30cm;5,509325681;;
trial C;2016-04-06;6;8;6;;30-45cm;3,729647954;;
trial C;2016-04-06;6;8;6;;45-75cm;8,421391679;;
trial C;2016-04-06;6;8;6;;75-105cm;14,57344991;;
trial C;2016-04-06;4;9;4;;0-30cm;21,64788177;;
trial C;2016-04-06;4;9;4;;30-45cm;5,486689255;;
trial C;2016-04-06;4;9;4;;45-75cm;6,046097216;;
trial C;2016-04-06;4;9;4;;75-105cm;5,652584746;;
trial C;2016-04-06;3;10;3;;0-30cm;17,46222707;;
trial C;2016-04-06;3;10;3;;30-45cm;5,979744208;;
trial C;2016-04-06;3;10;3;;45-75cm;4,946443515;;
trial C;2016-04-06;3;10;3;;75-105cm;4,504151213;;
trial C;2016-04-06;1;11;1;;0-30cm;18,27911666;;
trial C;2016-04-06;1;11;1;;30-45cm;8,399398281;;
trial C;2016-04-06;1;11;1;;45-75cm;7,111817755;;
trial C;2016-04-06;1;11;1;;75-105cm;5,803689737;;
trial C;2016-04-06;2;12;2;;0-30cm;18,81416058;;
trial C;2016-04-06;2;12;2;;30-45cm;6,624913471;;
trial C;2016-04-06;2;12;2;;45-75cm;6,401611531;;
trial C;2016-04-06;2;12;2;;75-105cm;6,655342597;;
trial C;2016-04-06;2;13;2;;0-30cm;16,49384615;;
trial C;2016-04-06;2;13;2;;30-45cm;5,764366463;;
trial C;2016-04-06;2;13;2;;45-75cm;10,07410536;;
trial C;2016-04-06;2;13;2;;75-105cm;8,0625;;
trial C;2016-04-06;3;14;3;;0-30cm;18,3838198;;
trial C;2016-04-06;3;14;3;;30-45cm;6,882008368;;
trial C;2016-04-06;3;14;3;;45-75cm;8,4102902;;
trial C;2016-04-06;3;14;3;;75-105cm;8,019688261;;
trial C;2016-04-06;1;15;1;;0-30cm;17,37735043;;
trial C;2016-04-06;1;15;1;;30-45cm;7,543651845;;
trial C;2016-04-06;1;15;1;;45-75cm;8,949680233;;
trial C;2016-04-06;1;15;1;;75-105cm;8,394638298;;
trial C;2016-04-06;6;16;6;;0-30cm;19,12669528;;
trial C;2016-04-06;6;16;6;;30-45cm;7,393203463;;
trial C;2016-04-06;6;16;6;;45-75cm;9,106291971;;
trial C;2016-04-06;6;16;6;;75-105cm;7,452365747;;
trial C;2016-04-06;5;17;5;;0-30cm;18,49382381;;
trial C;2016-04-06;5;17;5;;30-45cm;6,808524111;;
trial C;2016-04-06;5;17;5;;45-75cm;9,958787879;;
trial C;2016-04-06;5;17;5;;75-105cm;7,967251072;;
trial C;2016-04-06;4;18;4;;0-30cm;20,16560818;;
trial C;2016-04-06;4;18;4;;30-45cm;8,157994056;;
trial C;2016-04-06;4;18;4;;45-75cm;9,497060241;;
trial C;2016-04-06;4;18;4;;75-105cm;8,63348141;;
trial C;2016-04-06;5;19;5;;0-30cm;11,90722932;;
trial C;2016-04-06;5;19;5;;30-45cm;5,205438555;;
trial C;2016-04-06;5;19;5;;45-75cm;6,321699439;;
trial C;2016-04-06;5;19;5;;75-105cm;1,39134155;;
trial C;2016-04-06;4;20;4;;0-30cm;11,29025486;;
trial C;2016-04-06;4;20;4;;30-45cm;3,895852224;;
trial C;2016-04-06;4;20;4;;45-75cm;1,719770771;;
trial C;2016-04-06;4;20;4;;75-105cm;2,114218583;;
trial C;2016-04-06;6;21;6;;0-30cm;12,12325607;;
trial C;2016-04-06;6;21;6;;30-45cm;2,751049973;;
trial C;2016-04-06;6;21;6;;45-75cm;5,313424238;;
trial C;2016-04-06;6;21;6;;75-105cm;6,349750197;;
trial C;2016-04-06;3;22;3;;0-30cm;4,702158559;;
trial C;2016-04-06;3;22;3;;30-45cm;1,606678563;;
trial C;2016-04-06;3;22;3;;45-75cm;2,250755268;;
trial C;2016-04-06;3;22;3;;75-105cm;1,877134288;;
trial C;2016-04-06;2;23;2;;0-30cm;9,025676365;;
trial C;2016-04-06;2;23;2;;30-45cm;3,339155266;;
trial C;2016-04-06;2;23;2;;45-75cm;0,873047285;;
trial C;2016-04-06;2;23;2;;75-105cm;1,33722794;;
trial C;2016-04-06;1;24;1;;0-30cm;8,161175745;;
trial C;2016-04-06;1;24;1;;30-45cm;2,967956629;;
trial C;2016-04-06;1;24;1;;45-75cm;0,192243262;;
trial C;2016-04-06;1;24;1;;75-105cm;3,583483254;;
;;;;;;;;;
trial C;2016-04-29;2;13;2;;0-30cm;13,81970149;Nmin 2016, Tabellenblatt Trial C sortiert;
trial C;2016-04-29;2;13;2;;30-45cm;4,687271019;;
trial C;2016-04-29;2;13;2;;45-75cm;8,3688;;
trial C;2016-04-29;2;13;2;;75-105cm;6,776681223;;
trial C;2016-04-29;3;14;3;;0-30cm;14,6786654;;
trial C;2016-04-29;3;14;3;;30-45cm;5,83988764;;
trial C;2016-04-29;3;14;3;;45-75cm;6,873457249;;
trial C;2016-04-29;3;14;3;;75-105cm;5,438040346;;
trial C;2016-04-29;1;15;1;;0-30cm;17,64446139;;
trial C;2016-04-29;1;15;1;;30-45cm;4,772005571;;
trial C;2016-04-29;1;15;1;;45-75cm;7,86658779;;
trial C;2016-04-29;1;15;1;;75-105cm;5,4;;
trial C;2016-04-29;6;16;6;;0-30cm;14,93161052;;
trial C;2016-04-29;6;16;6;;30-45cm;4,560945205;;
trial C;2016-04-29;6;16;6;;45-75cm;9,196005706;;
trial C;2016-04-29;6;16;6;;75-105cm;5,394874229;;
trial C;2016-04-29;5;17;5;;0-30cm;16,48991909;;
trial C;2016-04-29;5;17;5;;30-45cm;4,946787167;;
trial C;2016-04-29;5;17;5;;45-75cm;5,237266698;;
trial C;2016-04-29;5;17;5;;75-105cm;4,831578947;;
trial C;2016-04-29;4;18;4;;0-30cm;19,14087736;;
trial C;2016-04-29;4;18;4;;30-45cm;6,877058824;;
trial C;2016-04-29;4;18;4;;45-75cm;7,364303318;;
trial C;2016-04-29;4;18;4;;75-105cm;5,054440774;;
trial C;2016-04-29;5;19;5;;0-30cm;18,62556741;;
trial C;2016-04-29;5;19;5;;30-45cm;6,073668337;;
trial C;2016-04-29;5;19;5;;45-75cm;6,002099708;;
trial C;2016-04-29;5;19;5;;75-105cm;6,797506795;;
trial C;2016-04-29;4;20;4;;0-30cm;19,68578453;;
trial C;2016-04-29;4;20;4;;30-45cm;6,918049273;;
trial C;2016-04-29;4;20;4;;45-75cm;4,40151938;;
trial C;2016-04-29;4;20;4;;75-105cm;4,67868104;;
trial C;2016-04-29;6;21;6;;0-30cm;13,86434871;;
trial C;2016-04-29;6;21;6;;30-45cm;5,48049993;;
trial C;2016-04-29;6;21;6;;45-75cm;5,698709377;;
trial C;2016-04-29;6;21;6;;75-105cm;5,050174807;;
trial C;2016-04-29;3;22;3;;0-30cm;10,55677089;;
trial C;2016-04-29;3;22;3;;30-45cm;4,006616878;;
trial C;2016-04-29;3;22;3;;45-75cm;5,317229033;;
trial C;2016-04-29;3;22;3;;75-105cm;3,220812558;;
trial C;2016-04-29;2;23;2;;0-30cm;13,57637145;;
trial C;2016-04-29;2;23;2;;30-45cm;5,951089697;;
trial C;2016-04-29;2;23;2;;45-75cm;3,764977775;;
trial C;2016-04-29;2;23;2;;75-105cm;3,215452034;;
trial C;2016-04-29;1;24;1;;0-30cm;11,18530605;;
trial C;2016-04-29;1;24;1;;30-45cm;4,205736717;;
trial C;2016-04-29;1;24;1;;45-75cm;4,091543872;;
trial C;2016-04-29;1;24;1;;75-105cm;3,786919514;;
;;;;;;;;;
trial C;2016-06-08;2;13;2;;0-30cm;12,21656502;Nmin 2016, Tabellenblatt Trial C sortiert;
trial C;2016-06-08;2;13;2;;30-45cm;2,596489013;;
trial C;2016-06-08;2;13;2;;45-75cm;3,562135761;;
trial C;2016-06-08;2;13;2;;75-105cm;2,571257159;;
trial C;2016-06-08;3;14;3;;0-30cm;11,53629536;;
trial C;2016-06-08;3;14;3;;30-45cm;4,442466019;;
trial C;2016-06-08;3;14;3;;45-75cm;5,565682074;;
trial C;2016-06-08;3;14;3;;75-105cm;2,613967731;;
trial C;2016-06-08;1;15;1;;0-30cm;13,15894986;;
trial C;2016-06-08;1;15;1;;30-45cm;4,433375806;;
trial C;2016-06-08;1;15;1;;45-75cm;2,705029962;;
trial C;2016-06-08;1;15;1;;75-105cm;3,172824537;;
trial C;2016-06-08;6;16;6;;0-30cm;10,55728336;;
trial C;2016-06-08;6;16;6;;30-45cm;2,626406892;;
trial C;2016-06-08;6;16;6;;45-75cm;0,9434537;;
trial C;2016-06-08;6;16;6;;75-105cm;1,561269981;;
trial C;2016-06-08;5;17;5;;0-30cm;9,921741356;;
trial C;2016-06-08;5;17;5;;30-45cm;4,309511028;;
trial C;2016-06-08;5;17;5;;45-75cm;1,155527864;;
trial C;2016-06-08;5;17;5;;75-105cm;2,102138158;;
trial C;2016-06-08;4;18;4;;0-30cm;7,953698954;;
trial C;2016-06-08;4;18;4;;30-45cm;2,991013402;;
trial C;2016-06-08;4;18;4;;45-75cm;1,356377865;;
trial C;2016-06-08;4;18;4;;75-105cm;0,837096854;;
trial C;2016-06-08;5;19;5;;0-30cm;11,98438644;;
trial C;2016-06-08;5;19;5;;30-45cm;4,452790178;;
trial C;2016-06-08;5;19;5;;45-75cm;4,199625058;;
trial C;2016-06-08;5;19;5;;75-105cm;4,147961558;;
trial C;2016-06-08;4;20;4;;0-30cm;12,73017169;;
trial C;2016-06-08;4;20;4;;30-45cm;6,374165044;;
trial C;2016-06-08;4;20;4;;45-75cm;3,223143975;;
trial C;2016-06-08;4;20;4;;75-105cm;3,011900486;;
trial C;2016-06-08;6;21;6;;0-30cm;11,13380044;;
trial C;2016-06-08;6;21;6;;30-45cm;3,716459211;;
trial C;2016-06-08;6;21;6;;45-75cm;4,590603885;;
trial C;2016-06-08;6;21;6;;75-105cm;3,159920841;;
trial C;2016-06-08;3;22;3;;0-30cm;9,848890473;;
trial C;2016-06-08;3;22;3;;30-45cm;3,855949808;;
trial C;2016-06-08;3;22;3;;45-75cm;6,003298691;;
trial C;2016-06-08;3;22;3;;75-105cm;2,86639072;;
trial C;2016-06-08;2;23;2;;0-30cm;12,01429061;;
trial C;2016-06-08;2;23;2;;30-45cm;5,397455108;;
trial C;2016-06-08;2;23;2;;45-75cm;5,761785353;;
trial C;2016-06-08;2;23;2;;75-105cm;4,63685819;;
trial C;2016-06-08;1;24;1;;0-30cm;13,10378281;;
trial C;2016-06-08;1;24;1;;30-45cm;5,120875783;;
trial C;2016-06-08;1;24;1;;45-75cm;7,855670714;;
trial C;2016-06-08;1;24;1;;75-105cm;5,910302581;;
;;;;;;;;;
trial C;2016-07-06;2;13;2;;0-30cm;19,56482851;Nmin 2016, Tabellenblatt Trial C sortiert;
trial C;2016-07-06;2;13;2;;30-45cm;3,632815239;;
trial C;2016-07-06;2;13;2;;45-75cm;5,906717655;;
trial C;2016-07-06;2;13;2;;75-105cm;1,875814701;;
trial C;2016-07-06;3;14;3;;0-30cm;36,2461827;;
trial C;2016-07-06;3;14;3;;30-45cm;6,904134905;;
trial C;2016-07-06;3;14;3;;45-75cm;4,605958846;;
trial C;2016-07-06;3;14;3;;75-105cm;3,579850057;;
trial C;2016-07-06;1;15;1;;0-30cm;28,17793228;;
trial C;2016-07-06;1;15;1;;30-45cm;6,992842332;;
trial C;2016-07-06;1;15;1;;45-75cm;3,487446546;;
trial C;2016-07-06;1;15;1;;75-105cm;5,628329495;;
trial C;2016-07-06;6;16;6;;0-30cm;28,44556069;;
trial C;2016-07-06;6;16;6;;30-45cm;7,692359225;;
trial C;2016-07-06;6;16;6;;45-75cm;3,621473263;;
trial C;2016-07-06;6;16;6;;75-105cm;2,343989227;;
trial C;2016-07-06;5;17;5;;0-30cm;27,7998744;;
trial C;2016-07-06;5;17;5;;30-45cm;8,150799469;;
trial C;2016-07-06;5;17;5;;45-75cm;4,988854809;;
trial C;2016-07-06;5;17;5;;75-105cm;3,016522262;;
trial C;2016-07-06;4;18;4;;0-30cm;21,06325905;;
trial C;2016-07-06;4;18;4;;30-45cm;7,707145232;;
trial C;2016-07-06;4;18;4;;45-75cm;3,951607815;;
trial C;2016-07-06;4;18;4;;75-105cm;3,332669648;;
trial C;2016-07-06;5;19;5;;0-30cm;19,6354042;;
trial C;2016-07-06;5;19;5;;30-45cm;8,787038792;;
trial C;2016-07-06;5;19;5;;45-75cm;2,894915416;;
trial C;2016-07-06;5;19;5;;75-105cm;2,953067464;;
trial C;2016-07-06;4;20;4;;0-30cm;18,9301817;;
trial C;2016-07-06;4;20;4;;30-45cm;4,475669047;;
trial C;2016-07-06;4;20;4;;45-75cm;2,744563037;;
trial C;2016-07-06;4;20;4;;75-105cm;2,630059076;;
trial C;2016-07-06;6;21;6;;0-30cm;20,98140883;;
trial C;2016-07-06;6;21;6;;30-45cm;4,081076355;;
trial C;2016-07-06;6;21;6;;45-75cm;3,309883084;;
trial C;2016-07-06;6;21;6;;75-105cm;2,265378175;;
trial C;2016-07-06;3;22;3;;0-30cm;16,34577998;;
trial C;2016-07-06;3;22;3;;30-45cm;5,361234542;;
trial C;2016-07-06;3;22;3;;45-75cm;5,278147349;;
trial C;2016-07-06;3;22;3;;75-105cm;2,818930998;;
trial C;2016-07-06;2;23;2;;0-30cm;10,86200182;;
trial C;2016-07-06;2;23;2;;30-45cm;4,362784729;;
trial C;2016-07-06;2;23;2;;45-75cm;3,181664721;;
trial C;2016-07-06;2;23;2;;75-105cm;2,853286108;;
trial C;2016-07-06;1;24;1;;0-30cm;14,98563154;;
trial C;2016-07-06;1;24;1;;30-45cm;4,191953366;;
trial C;2016-07-06;1;24;1;;45-75cm;3,294961929;;
trial C;2016-07-06;1;24;1;;75-105cm;4,837139329;;
;;;;;;;;;
trial C;2017-03-21;1;1;1;;0-30cm;11,94984489;Nmin 2017, Tabellenblatt sortiert Trial C;
trial C;2017-03-21;1;1;1;;30-45cm;1,983221664;;
trial C;2017-03-21;1;1;1;;45-75cm;3,485029412;;
trial C;2017-03-21;1;1;1;;75-105cm;1,649260912;;
trial C;2017-03-21;2;2;2;;0-30cm;13,6394537;;
trial C;2017-03-21;2;2;2;;30-45cm;3,681532895;;
trial C;2017-03-21;2;2;2;;45-75cm;2,813730825;;
trial C;2017-03-21;2;2;2;;75-105cm;3,049494264;;
trial C;2017-03-21;3;3;3;;0-30cm;6,948718948;;
trial C;2017-03-21;3;3;3;;30-45cm;2,944348083;;
trial C;2017-03-21;3;3;3;;45-75cm;2,916998088;;
trial C;2017-03-21;3;3;3;;75-105cm;2,110330728;;
trial C;2017-03-21;4;4;4;;0-30cm;12,64967982;;
trial C;2017-03-21;4;4;4;;30-45cm;2,494658008;;
trial C;2017-03-21;4;4;4;;45-75cm;1,375172348;;
trial C;2017-03-21;4;4;4;;75-105cm;1,643868813;;
trial C;2017-03-21;5;5;5;;0-30cm;6,165557974;;
trial C;2017-03-21;5;5;5;;30-45cm;4,879819105;;
trial C;2017-03-21;5;5;5;;45-75cm;2,018498099;;
trial C;2017-03-21;5;5;5;;75-105cm;5,421868195;;
trial C;2017-03-21;6;6;6;;0-30cm;14,01405908;;
trial C;2017-03-21;6;6;6;;30-45cm;5,532679981;;
trial C;2017-03-21;6;6;6;;45-75cm;6,339551419;;
trial C;2017-03-21;6;6;6;;75-105cm;5,611031294;;
trial C;2017-03-21;5;7;5;;0-30cm;16,92727055;;
trial C;2017-03-21;5;7;5;;30-45cm;10,50912135;;
trial C;2017-03-21;5;7;5;;45-75cm;12,92126948;;
trial C;2017-03-21;5;7;5;;75-105cm;6,711540698;;
trial C;2017-03-21;6;8;6;;0-30cm;10,30948703;;
trial C;2017-03-21;6;8;6;;30-45cm;6,010048448;;
trial C;2017-03-21;6;8;6;;45-75cm;7,227619503;;
trial C;2017-03-21;6;8;6;;75-105cm;3,609411987;;
trial C;2017-03-21;4;9;4;;0-30cm;20,09167539;;
trial C;2017-03-21;4;9;4;;30-45cm;11,26847018;;
trial C;2017-03-21;4;9;4;;45-75cm;8,490666667;;
trial C;2017-03-21;4;9;4;;75-105cm;5,907307479;;
trial C;2017-03-21;3;10;3;;0-30cm;26,19668597;;
trial C;2017-03-21;3;10;3;;30-45cm;14,985;;
trial C;2017-03-21;3;10;3;;45-75cm;17,30552049;;
trial C;2017-03-21;3;10;3;;75-105cm;18,2488869;;
trial C;2017-03-21;1;11;1;;0-30cm;22,31053116;;
trial C;2017-03-21;1;11;1;;30-45cm;10,90119867;;
trial C;2017-03-21;1;11;1;;45-75cm;19,72556196;;
trial C;2017-03-21;1;11;1;;75-105cm;23,97165101;;
trial C;2017-03-21;2;12;2;;0-30cm;12,41253009;;
trial C;2017-03-21;2;12;2;;30-45cm;8,87894038;;
trial C;2017-03-21;2;12;2;;45-75cm;7,521666045;;
trial C;2017-03-21;2;12;2;;75-105cm;5,638850299;;
trial C;2017-03-21;2;13;2;;0-30cm;18,50145624;;
trial C;2017-03-21;2;13;2;;30-45cm;7,653361677;;
trial C;2017-03-21;2;13;2;;45-75cm;8,600450704;;
trial C;2017-03-21;2;13;2;;75-105cm;14,09095708;;
trial C;2017-03-21;3;14;3;;0-30cm;15,55452034;;
trial C;2017-03-21;3;14;3;;30-45cm;9,492730435;;
trial C;2017-03-21;3;14;3;;45-75cm;9,913493488;;
trial C;2017-03-21;3;14;3;;75-105cm;14,62993562;;
trial C;2017-03-21;1;15;1;;0-30cm;24,13285086;;
trial C;2017-03-21;1;15;1;;30-45cm;12,28855162;;
trial C;2017-03-21;1;15;1;;45-75cm;12,7375578;;
trial C;2017-03-21;1;15;1;;75-105cm;20,13986331;;
trial C;2017-03-21;6;16;6;;0-30cm;18,13909323;;
trial C;2017-03-21;6;16;6;;30-45cm;11,71592732;;
trial C;2017-03-21;6;16;6;;45-75cm;13,05160947;;
trial C;2017-03-21;6;16;6;;75-105cm;12,24030356;;
trial C;2017-03-21;5;17;5;;0-30cm;12,76580221;;
trial C;2017-03-21;5;17;5;;30-45cm;6,695096089;;
trial C;2017-03-21;5;17;5;;45-75cm;8,253372474;;
trial C;2017-03-21;5;17;5;;75-105cm;9,775892942;;
trial C;2017-03-21;4;18;4;;0-30cm;15,13340038;;
trial C;2017-03-21;4;18;4;;30-45cm;6,482137339;;
trial C;2017-03-21;4;18;4;;45-75cm;7,625398305;;
trial C;2017-03-21;4;18;4;;75-105cm;4,747792596;;
trial C;2017-03-21;5;19;5;;0-30cm;19,44103498;;
trial C;2017-03-21;5;19;5;;30-45cm;5,400517241;;
trial C;2017-03-21;5;19;5;;45-75cm;9,905168571;;
trial C;2017-03-21;5;19;5;;75-105cm;15,08575094;;
trial C;2017-03-21;4;20;4;;0-30cm;11,0247291;;
trial C;2017-03-21;4;20;4;;30-45cm;3,360896002;;
trial C;2017-03-21;4;20;4;;45-75cm;4,537975921;;
trial C;2017-03-21;4;20;4;;75-105cm;3,135503356;;
trial C;2017-03-21;6;21;6;;0-30cm;12,25612302;;
trial C;2017-03-21;6;21;6;;30-45cm;8,88548747;;
trial C;2017-03-21;6;21;6;;45-75cm;13,17665156;;
trial C;2017-03-21;6;21;6;;75-105cm;9,851142857;;
trial C;2017-03-21;3;22;3;;0-30cm;10,92965167;;
trial C;2017-03-21;3;22;3;;30-45cm;4,224202682;;
trial C;2017-03-21;3;22;3;;45-75cm;3,299855422;;
trial C;2017-03-21;3;22;3;;75-105cm;4,394332448;;
trial C;2017-03-21;2;23;2;;0-30cm;12,36200775;;
trial C;2017-03-21;2;23;2;;30-45cm;5,055844156;;
trial C;2017-03-21;2;23;2;;45-75cm;4,477067432;;
trial C;2017-03-21;2;23;2;;75-105cm;3,098638436;;
trial C;2017-03-21;1;24;1;;0-30cm;10,09945946;;
trial C;2017-03-21;1;24;1;;30-45cm;2,817443005;;
trial C;2017-03-21;1;24;1;;45-75cm;3,24843071;;
trial C;2017-03-21;1;24;1;;75-105cm;2,000459085;;
;;;;;;;;;
trial C;2017-04-19;2;13;2;;0-30cm;34,54268655;Nmin 2017, Tabellenblatt sortiert Trial C;
trial C;2017-04-19;2;13;2;;30-45cm;8,641486903;;
trial C;2017-04-19;2;13;2;;45-75cm;7,632760859;;
trial C;2017-04-19;2;13;2;;75-105cm;5,627898305;;
trial C;2017-04-19;3;14;3;;0-30cm;22,29336453;;
trial C;2017-04-19;3;14;3;;30-45cm;10,7926531;;
trial C;2017-04-19;3;14;3;;45-75cm;10,25449714;;
trial C;2017-04-19;3;14;3;;75-105cm;8,76410076;;
trial C;2017-04-19;1;15;1;;0-30cm;34,60944533;;
trial C;2017-04-19;1;15;1;;30-45cm;13,64358762;;
trial C;2017-04-19;1;15;1;;45-75cm;12,45325508;;
trial C;2017-04-19;1;15;1;;75-105cm;8,286907078;;
trial C;2017-04-19;6;16;6;;0-30cm;34,87970023;;
trial C;2017-04-19;6;16;6;;30-45cm;11,55209408;;
trial C;2017-04-19;6;16;6;;45-75cm;10,85591733;;
trial C;2017-04-19;6;16;6;;75-105cm;7,775313559;;
trial C;2017-04-19;5;17;5;;0-30cm;27,04475562;;
trial C;2017-04-19;5;17;5;;30-45cm;7,519042145;;
trial C;2017-04-19;5;17;5;;45-75cm;6,663410351;;
trial C;2017-04-19;5;17;5;;75-105cm;8,500270104;;
trial C;2017-04-19;4;18;4;;0-30cm;32,08439098;;
trial C;2017-04-19;4;18;4;;30-45cm;9,578025641;;
trial C;2017-04-19;4;18;4;;45-75cm;8,724225776;;
trial C;2017-04-19;4;18;4;;75-105cm;5,78441958;;
trial C;2017-04-19;5;19;5;;0-30cm;26,06135966;;
trial C;2017-04-19;5;19;5;;30-45cm;8,108541865;;
trial C;2017-04-19;5;19;5;;45-75cm;8,341425212;;
trial C;2017-04-19;5;19;5;;75-105cm;4,904476744;;
trial C;2017-04-19;4;20;4;;0-30cm;30,22750329;;
trial C;2017-04-19;4;20;4;;30-45cm;9,332711593;;
trial C;2017-04-19;4;20;4;;45-75cm;9,771854965;;
trial C;2017-04-19;4;20;4;;75-105cm;8,60186014;;
trial C;2017-04-19;6;21;6;;0-30cm;31,5700066;;
trial C;2017-04-19;6;21;6;;30-45cm;11,07095486;;
trial C;2017-04-19;6;21;6;;45-75cm;12,825354;;
trial C;2017-04-19;6;21;6;;75-105cm;9,694796634;;
trial C;2017-04-19;3;22;3;;0-30cm;28,39502065;;
trial C;2017-04-19;3;22;3;;30-45cm;11,14046358;;
trial C;2017-04-19;3;22;3;;45-75cm;9,790416509;;
trial C;2017-04-19;3;22;3;;75-105cm;6,624064042;;
trial C;2017-04-19;2;23;2;;0-30cm;28,6498434;;
trial C;2017-04-19;2;23;2;;30-45cm;8,038041287;;
trial C;2017-04-19;2;23;2;;45-75cm;7,29038046;;
trial C;2017-04-19;2;23;2;;75-105cm;5,806411765;;
trial C;2017-04-19;1;24;1;;0-30cm;24,50934872;;
trial C;2017-04-19;1;24;1;;30-45cm;5,797352093;;
trial C;2017-04-19;1;24;1;;45-75cm;4,28843853;;
trial C;2017-04-19;1;24;1;;75-105cm;3,877745455;;
;;;;;;;;;
trial C;2017-05-16;2;13;2;;0-30cm;24,11017343;Nmin 2017, Tabellenblatt sortiert Trial C;
trial C;2017-05-16;2;13;2;;30-45cm;11,76436748;;
trial C;2017-05-16;2;13;2;;45-75cm;8,162314205;;
trial C;2017-05-16;2;13;2;;75-105cm;16,92760612;;
trial C;2017-05-16;3;14;3;;0-30cm;26,883665;;
trial C;2017-05-16;3;14;3;;30-45cm;12,2108789;;
trial C;2017-05-16;3;14;3;;45-75cm;8,671329545;;
trial C;2017-05-16;3;14;3;;75-105cm;7,179222326;;
trial C;2017-05-16;1;15;1;;0-30cm;21,44115832;;
trial C;2017-05-16;1;15;1;;30-45cm;14,67121055;;
trial C;2017-05-16;1;15;1;;45-75cm;7,520222643;;
trial C;2017-05-16;1;15;1;;75-105cm;3,525423729;;
trial C;2017-05-16;6;16;6;;0-30cm;34,58017749;;
trial C;2017-05-16;6;16;6;;30-45cm;13,53135436;;
trial C;2017-05-16;6;16;6;;45-75cm;12,49179261;;
trial C;2017-05-16;6;16;6;;75-105cm;7,967205925;;
trial C;2017-05-16;5;17;5;;0-30cm;28,25868802;;
trial C;2017-05-16;5;17;5;;30-45cm;11,66991781;;
trial C;2017-05-16;5;17;5;;45-75cm;8,087371728;;
trial C;2017-05-16;5;17;5;;75-105cm;7,066525424;;
trial C;2017-05-16;4;18;4;;0-30cm;30,02545455;;
trial C;2017-05-16;4;18;4;;30-45cm;10,44937127;;
trial C;2017-05-16;4;18;4;;45-75cm;21,21801393;;
trial C;2017-05-16;4;18;4;;75-105cm;10,0182087;;
trial C;2017-05-16;5;19;5;;0-30cm;29,24762791;;
trial C;2017-05-16;5;19;5;;30-45cm;6,670556734;;
trial C;2017-05-16;5;19;5;;45-75cm;2,339805085;;
trial C;2017-05-16;5;19;5;;75-105cm;1,069540769;;
trial C;2017-05-16;4;20;4;;0-30cm;27,57177887;;
trial C;2017-05-16;4;20;4;;30-45cm;12,054242;;
trial C;2017-05-16;4;20;4;;45-75cm;13,45234043;;
trial C;2017-05-16;4;20;4;;75-105cm;8,437942416;;
trial C;2017-05-16;6;21;6;;0-30cm;32,56580672;;
trial C;2017-05-16;6;21;6;;30-45cm;13,49464306;;
trial C;2017-05-16;6;21;6;;45-75cm;14,87067327;;
trial C;2017-05-16;6;21;6;;75-105cm;7,778977695;;
trial C;2017-05-16;3;22;3;;0-30cm;24,92441105;;
trial C;2017-05-16;3;22;3;;30-45cm;7,068920536;;
trial C;2017-05-16;3;22;3;;45-75cm;4,333777778;;
trial C;2017-05-16;3;22;3;;75-105cm;2,559254141;;
trial C;2017-05-16;2;23;2;;0-30cm;29,9622775;;
trial C;2017-05-16;2;23;2;;30-45cm;10,34666094;;
trial C;2017-05-16;2;23;2;;45-75cm;6,683469754;;
trial C;2017-05-16;2;23;2;;75-105cm;3,688495082;;
trial C;2017-05-16;1;24;1;;0-30cm;28,21201945;;
trial C;2017-05-16;1;24;1;;30-45cm;6,207655853;;
trial C;2017-05-16;1;24;1;;45-75cm;1,859827338;;
trial C;2017-05-16;1;24;1;;75-105cm;1,30763127;;
;;;;;;;;;
trial C;2017-06-12;2;13;2;;0-30cm;10,13169272;Nmin 2017, Tabellenblatt sortiert Trial C;
trial C;2017-06-12;2;13;2;;30-45cm;3,411662168;;
trial C;2017-06-12;2;13;2;;45-75cm;1,201672922;;
trial C;2017-06-12;2;13;2;;75-105cm;7,051733766;;
trial C;2017-06-12;3;14;3;;0-30cm;9,924504563;;
trial C;2017-06-12;3;14;3;;30-45cm;2,818724739;;
trial C;2017-06-12;3;14;3;;45-75cm;2,036883978;;
trial C;2017-06-12;3;14;3;;75-105cm;5,581752212;;
trial C;2017-06-12;1;15;1;;0-30cm;10,43729884;;
trial C;2017-06-12;1;15;1;;30-45cm;3,968436277;;
trial C;2017-06-12;1;15;1;;45-75cm;4,620414908;;
trial C;2017-06-12;1;15;1;;75-105cm;5,282808511;;
trial C;2017-06-12;6;16;6;;0-30cm;7,577141357;;
trial C;2017-06-12;6;16;6;;30-45cm;1,400211755;;
trial C;2017-06-12;6;16;6;;45-75cm;2,199288703;;
trial C;2017-06-12;6;16;6;;75-105cm;5,281324424;;
trial C;2017-06-12;5;17;5;;0-30cm;8,529343373;;
trial C;2017-06-12;5;17;5;;30-45cm;2,217993824;;
trial C;2017-06-12;5;17;5;;45-75cm;2,944595568;;
trial C;2017-06-12;5;17;5;;75-105cm;4,893065753;;
trial C;2017-06-12;4;18;4;;0-30cm;3,081665913;;
trial C;2017-06-12;4;18;4;;30-45cm;1,758515625;;
trial C;2017-06-12;4;18;4;;45-75cm;9,358363636;;
trial C;2017-06-12;4;18;4;;75-105cm;5,765250658;;
trial C;2017-06-12;5;19;5;;0-30cm;7,45506408;;
trial C;2017-06-12;5;19;5;;30-45cm;2,696275862;;
trial C;2017-06-12;5;19;5;;45-75cm;2,910839216;;
trial C;2017-06-12;5;19;5;;75-105cm;5,169280335;;
trial C;2017-06-12;4;20;4;;0-30cm;6,934927637;;
trial C;2017-06-12;4;20;4;;30-45cm;2,60768206;;
trial C;2017-06-12;4;20;4;;45-75cm;4,035818182;;
trial C;2017-06-12;4;20;4;;75-105cm;6,1313297;;
trial C;2017-06-12;6;21;6;;0-30cm;8,09783018;;
trial C;2017-06-12;6;21;6;;30-45cm;1,8073125;;
trial C;2017-06-12;6;21;6;;45-75cm;2,197390909;;
trial C;2017-06-12;6;21;6;;75-105cm;5,41508982;;
trial C;2017-06-12;3;22;3;;0-30cm;8,173162318;;
trial C;2017-06-12;3;22;3;;30-45cm;1,656282916;;
trial C;2017-06-12;3;22;3;;45-75cm;3,465033787;;
trial C;2017-06-12;3;22;3;;75-105cm;4,934605263;;
trial C;2017-06-12;2;23;2;;0-30cm;8,513913005;;
trial C;2017-06-12;2;23;2;;30-45cm;1,980635979;;
trial C;2017-06-12;2;23;2;;45-75cm;3,424731525;;
trial C;2017-06-12;2;23;2;;75-105cm;10,19923836;;
trial C;2017-06-12;1;24;1;;0-30cm;7,833006593;;
trial C;2017-06-12;1;24;1;;30-45cm;1,494786798;;
trial C;2017-06-12;1;24;1;;45-75cm;2,637328767;;
trial C;2017-06-12;1;24;1;;75-105cm;3,258115016;;
;;;;;;;;;
trial C;2017-07-13;2;13;2;;0-30cm;11,18551026;Nmin 2017, Tabellenblatt sortiert Trial C;
trial C;2017-07-13;2;13;2;;30-45cm;1,324880942;;
trial C;2017-07-13;2;13;2;;45-75cm;3,177541978;;
trial C;2017-07-13;2;13;2;;75-105cm;2,296286928;;
trial C;2017-07-13;3;14;3;;0-30cm;13,21826499;;
trial C;2017-07-13;3;14;3;;30-45cm;2,010227848;;
trial C;2017-07-13;3;14;3;;45-75cm;2,515447107;;
trial C;2017-07-13;3;14;3;;75-105cm;3,277118919;;
trial C;2017-07-13;1;15;1;;0-30cm;13,63291725;;
trial C;2017-07-13;1;15;1;;30-45cm;4,090153846;;
trial C;2017-07-13;1;15;1;;45-75cm;3,527851304;;
trial C;2017-07-13;1;15;1;;75-105cm;3,401890934;;
trial C;2017-07-13;6;16;6;;0-30cm;17,39384755;;
trial C;2017-07-13;6;16;6;;30-45cm;2,216223938;;
trial C;2017-07-13;6;16;6;;45-75cm;1,688086607;;
trial C;2017-07-13;6;16;6;;75-105cm;2,437662716;;
trial C;2017-07-13;5;17;5;;0-30cm;13,27028256;;
trial C;2017-07-13;5;17;5;;30-45cm;3,160097044;;
trial C;2017-07-13;5;17;5;;45-75cm;1,813616831;;
trial C;2017-07-13;5;17;5;;75-105cm;2,331941722;;
trial C;2017-07-13;4;18;4;;0-30cm;11,99834497;;
trial C;2017-07-13;4;18;4;;30-45cm;3,068917024;;
trial C;2017-07-13;4;18;4;;45-75cm;5,092126158;;
trial C;2017-07-13;4;18;4;;75-105cm;2,454797003;;
trial C;2017-07-13;5;19;5;;0-30cm;13,83982941;;
trial C;2017-07-13;5;19;5;;30-45cm;3,870497409;;
trial C;2017-07-13;5;19;5;;45-75cm;5,530029851;;
trial C;2017-07-13;5;19;5;;75-105cm;3,938411215;;
trial C;2017-07-13;4;20;4;;0-30cm;9,816850995;;
trial C;2017-07-13;4;20;4;;30-45cm;3,034734375;;
trial C;2017-07-13;4;20;4;;45-75cm;2,599315508;;
trial C;2017-07-13;4;20;4;;75-105cm;3,643056063;;
trial C;2017-07-13;6;21;6;;0-30cm;12,21870111;;
trial C;2017-07-13;6;21;6;;30-45cm;2,702337662;;
trial C;2017-07-13;6;21;6;;45-75cm;1,365028375;;
trial C;2017-07-13;6;21;6;;75-105cm;2,12011583;;
trial C;2017-07-13;3;22;3;;0-30cm;10,1972312;;
trial C;2017-07-13;3;22;3;;30-45cm;3,399725318;;
trial C;2017-07-13;3;22;3;;45-75cm;2,592598906;;
trial C;2017-07-13;3;22;3;;75-105cm;3,629489362;;
trial C;2017-07-13;2;23;2;;0-30cm;9,611236117;;
trial C;2017-07-13;2;23;2;;30-45cm;2,936229322;;
trial C;2017-07-13;2;23;2;;45-75cm;3,178105621;;
trial C;2017-07-13;2;23;2;;75-105cm;3,463442838;;
trial C;2017-07-13;1;24;1;;0-30cm;13,99783631;;
trial C;2017-07-13;1;24;1;;30-45cm;3,34928456;;
trial C;2017-07-13;1;24;1;;45-75cm;2,823393554;;
trial C;2017-07-13;1;24;1;;75-105cm;4,260598411;;